new_id,rto
0,92083346.92
1,44951424.23
2,89876946.67
3,68934571.71
4,82427399.26
5,77865639.73
6,172592355.0
7,80297261.21
8,247645791.35
9,53489066.75
10,46128634.61
11,79662560.86
12,85071897.61
14,51844453.97
15,100267931.53
16,90780992.86
17,86355959.35
19,175981767.3
20,58359432.08
21,110546951.07
24,91749046.96
25,69423113.51
26,35365724.88
27,195087977.65
28,60525560.95
29,67985622.81
30,47815901.69
31,55049089.05
32,49617055.84
33,113477377.93
34,107773304.14
35,76582674.26
37,94065986.24
38,97968617.15
39,99163610.03
40,114663200.65
41,109741397.37
42,316155723.86
43,92108512.58
44,71997418.92
45,194545383.1
47,92358635.13
48,93802501.96
49,72063661.23
51,70153403.99
53,116024724.2
54,118590713.22
55,57468769.69
56,112949298.22
57,96117295.12
58,121605996.82
59,45648660.85
60,79588818.96
61,86636840.97
62,75548799.18
63,70896479.89
64,65848562.13
65,179918901.11
66,74810501.65
67,63731643.93
68,100566291.51
69,69849135.29
70,87941034.4
71,246561943.95
72,72679414.17
73,99510569.0
74,170954796.79
75,173893941.47
77,86117070.6
78,100851857.35
79,110084549.81
80,86139437.32
81,46227296.04
82,93374973.9
83,86431127.31
84,77719769.08
85,154827345.56
86,80316643.47
87,110073981.4
88,102267384.63
89,56617474.64
90,75033279.7
91,73954955.91
92,83595629.91
93,253485890.52
94,66755558.2
95,130355859.65
96,46507527.3
97,111454335.9
98,147787950.37
99,76759814.28
100,175535112.34
101,111659762.94
102,64356673.79
104,79915301.4
105,105716301.15
106,47805452.39
107,164724854.14
108,52268284.11
109,77619901.18
110,84375219.65
111,261349676.76
112,76182518.8
113,90930952.3
114,65137777.14
116,55349067.64
117,103333408.23
118,107805834.11
119,144068816.97
120,70660701.98
121,110617584.94
122,87226902.1
123,82957282.92
124,68804334.83
125,47301257.43
127,77229846.54
128,74507495.79
129,73857557.42
130,53717151.07
131,84723821.62
132,89887943.55
133,82915436.98
134,83800527.28
136,90388641.07
137,140141678.87
138,311976225.76
139,63434071.17
140,58399710.11
141,135263846.15
142,162498126.98
146,76337996.65
147,149427994.84
148,60019451.7
151,97916993.55
152,48933510.31
153,120027263.75
155,73012763.62
156,73972458.87
158,89928530.45
159,231642683.53
160,99424057.58
161,111408873.33
162,69670203.08
163,45159600.01
164,98554924.29
165,102806885.99
166,55755438.12
167,65983814.53
168,39356229.22
169,234552678.06
170,162468014.58
171,60259657.76
172,185478444.17
174,100466096.97
175,76624462.65
176,41611183.39
177,159848774.86
180,74154309.33
181,197911242.2
182,92297031.29
183,236958060.8
184,93514054.0
185,89613798.52
186,131502666.42
187,79117557.12
188,210928378.14
189,112379760.95
190,124197163.05
191,119261911.32
193,135867023.03
194,124148377.27
196,68230882.38
197,76212944.43
198,46547946.67
200,64804752.62
201,71360623.8
202,40028465.53
203,60825978.36
205,68812096.9
206,226930641.97
207,71319284.64
208,78191361.72
210,63683765.89
211,155318867.25
212,101766820.64
213,78196334.49
214,99800916.3
215,142764329.56
216,61054934.46
217,357392722.08
218,109341903.19
219,59576947.47
221,155653167.03
222,98683705.51
224,63671863.16
225,314521600.43
226,172648367.18
227,93699494.24
228,140318431.01
229,80972827.86
230,81358739.44
231,90080790.86
232,55428691.66
233,113229162.21
234,54405229.18
235,99750145.71
236,75598697.88
237,150815465.66
238,78423810.75
241,116959366.02
242,118047464.86
243,53911905.86
244,58913983.62
245,106594252.37
246,84728335.13
247,80127362.03
248,105539493.17
249,112479063.63
250,106679443.4
251,86333550.19
252,74495154.47
254,40832797.7
255,189950619.78
256,66857327.27
258,191203023.37
260,348235825.84
262,93852106.79
263,98133092.16
264,53670841.06
265,187663170.81
266,76582583.17
267,38633866.95
268,48697310.21
269,198978829.56
270,86291715.5
271,101247530.99
272,85964808.36
273,82341908.49
275,70961645.07
276,235664196.15
277,66727854.08
278,139346481.28
279,101698567.95
280,106401209.78
282,91121141.77
283,108732614.5
284,101086256.6
285,48705876.88
286,101695716.22
288,66719770.8
289,53640943.36
290,72419454.06
291,89435792.3
292,79038181.67
293,56544070.88
294,54684668.21
295,69696888.57
296,318568846.92
297,83365176.89
298,120252808.64
299,59715008.97
300,133641612.77
301,132864198.5
302,41193462.91
303,251130471.7
304,83071023.49
305,170930655.69
306,77776617.64
309,107437309.19
310,116654777.95
311,133522259.74
312,170524617.15
313,50884424.32
314,145256516.23
315,125303425.29
316,206474277.54
317,74773367.35
318,82166035.0
319,127820901.45
320,62005179.11
321,80394166.14
322,95308536.39
323,106787923.97
324,79245314.07
325,129605392.3
326,94309604.2
327,83773087.04
328,74398874.01
329,26473963.32
331,229583808.39
332,87253479.36
333,63852535.41
334,190060678.37
336,101256789.18
337,60206469.6
338,167311436.78
339,64213602.52
341,88980626.61
342,291699807.89
343,100101161.82
344,60923721.8
346,125571609.23
347,105405928.78
348,103093600.39
349,129681360.73
350,172427925.51
352,72285521.02
353,242253865.0
354,85849415.1
355,111140972.07
356,162155931.67
357,41041662.92
358,57062478.28
359,76358509.0
360,64425322.0
361,52674624.91
364,58555971.17
365,176952773.8
366,100479059.57
367,106195547.46
368,68916022.83
369,144776845.28
371,124581074.85
372,87566054.77
374,86528984.23
375,127179163.49
377,123331375.23
380,53092622.08
381,58040546.71
382,147808691.56
383,69761143.76
384,67548470.21
385,82393434.04
386,65313018.67
387,69502195.02
389,59848016.98
390,52171923.2
391,154358999.8
392,49728236.17
394,52141732.95
396,57151373.55
397,44162080.74
398,211783546.58
399,67745107.11
400,83858794.07
401,34563835.0
402,81677592.98
403,104027414.12
404,99490215.76
405,66857890.42
406,88889349.12
407,58024741.04
408,74893561.73
409,97467984.16
410,45262257.92
411,61755661.72
412,186767274.76
413,82367186.65
414,110606153.06
416,48269082.55
417,81106224.86
418,38608728.09
419,124338420.94
420,227026796.83
421,75957067.16
422,46443457.23
423,121395243.72
426,111338168.63
427,52477862.48
428,84278140.64
432,104468497.99
434,185080391.32
435,331666508.63
436,83994602.32
437,61028959.25
438,158765622.6
439,72554109.01
440,85603769.7
441,57118728.85
442,47907436.74
443,98784124.81
444,49121568.26
445,79360069.39
446,60823538.37
447,114902586.84
450,76772635.7
452,70437786.57
453,84150550.11
454,141111377.97
455,113647776.75
456,254001335.59
457,92558368.61
458,56811610.1
459,66089397.59
460,69237323.11
461,122591962.17
462,86647441.82
463,56931041.48
464,284487736.67
465,66959325.25
466,175578531.3
467,153094416.95
469,76256264.38
470,75240248.85
471,57004025.1
472,87640000.99
473,96121417.31
474,69593908.44
475,56532791.44
476,72553396.34
478,92191823.33
479,162501027.95
480,61605470.95
481,58876951.8
482,122388298.11
483,195084846.95
484,52415976.78
486,119684199.9
488,112825342.02
489,443530657.7
490,48165849.61
491,41243185.11
492,113418566.73
493,83714737.61
494,81981274.83
495,58319535.72
496,179729658.14
497,60788643.3
499,59460277.99
501,78279835.85
502,188792550.53
503,112810667.18
504,56855923.13
507,103375550.83
508,207725277.8
509,73253063.2
510,38683818.9
513,48200010.61
515,65317985.64
516,64793423.11
517,78746433.81
519,78101791.65
521,64863990.53
522,72298258.92
523,301354815.15
524,118168506.64
525,138949621.3
526,55783775.25
527,66820699.86
528,47799642.12
529,100253127.27
530,126695539.07
531,128463124.7
532,72671817.29
533,101216037.09
534,86398380.42
535,44185300.99
536,142679444.78
537,63500071.04
538,35086824.27
540,105365300.84
541,160006245.01
542,95301676.97
544,94085723.63
545,130994303.02
546,84666394.82
547,56342399.44
548,63266053.7
550,109371286.58
551,73047317.66
552,116307036.36
553,55154055.35
554,100019853.34
555,181473508.68
556,44920964.18
557,89686722.6
558,63073069.8
559,72458491.23
560,53701830.9
562,88693220.99
563,94956213.72
564,50653516.33
565,92329588.46
567,93872572.16
568,75983993.32
569,94264937.13
572,147212244.99
573,437486853.89
574,149853204.25
575,59619278.6
576,131635301.76
577,86255364.32
578,191374817.0
579,366215805.74
580,116129764.07
582,52555549.01
583,167631286.19
584,61038192.68
585,63775914.72
586,86306081.22
587,111378513.24
588,41464522.33
590,115875020.55
592,104363739.8
594,174300105.53
595,296518105.9
596,126244041.95
597,51006983.7
599,46719050.0
600,86520299.97
601,82720587.07
602,63697135.84
604,84205509.94
605,47306871.82
606,71914118.33
607,37179601.75
608,119468952.46
609,86737797.65
610,85538892.45
611,66887106.4
612,115685918.37
613,60530564.39
615,54361009.39
616,119992561.51
617,76170914.33
618,402103216.01
619,43902650.96
620,38844535.91
621,140156930.47
623,75646801.01
624,60041217.38
625,127924717.32
626,66799132.98
627,95725672.97
628,85900426.64
629,72234394.51
630,59102485.26
631,68766479.97
632,108137412.15
633,88292094.91
634,105214593.23
635,158690873.49
636,53840293.23
637,145086998.94
638,78683583.81
640,81500524.74
641,64737233.71
642,57182636.58
643,76865610.09
644,160043481.01
646,63985923.95
648,70021653.7
649,186445632.83
652,196069132.09
653,130958416.07
654,79928593.2
655,170425101.88
656,142568310.72
657,148227547.37
658,41146914.16
660,108672824.7
661,64395222.6
662,61786583.82
664,66724990.24
665,93181958.92
666,86867277.5
667,58603136.02
669,51040381.1
670,214289043.13
671,135276990.83
672,148908565.75
673,57115916.25
674,96919162.81
676,62893532.99
677,103245959.82
678,53173590.21
679,74995296.49
680,57727956.42
681,108668799.59
682,34503472.45
683,74434130.53
684,206722038.4
685,151768271.38
686,70412222.9
687,66086711.45
688,75851852.15
690,53598538.59
691,107261205.9
694,48814096.93
696,104374524.92
697,33820034.68
698,75286154.05
699,75125181.03
700,80973212.22
701,110145470.81
702,78398959.94
704,122093541.72
705,94278330.64
706,248809289.86
707,146685518.49
708,125792758.19
709,89470751.29
710,54801854.53
711,145451855.63
712,118724349.24
713,245483550.85
714,133178819.31
715,247248910.63
716,59538754.58
719,52063469.88
721,118395804.51
722,80075440.25
723,78272591.31
724,64815805.69
725,90283955.56
727,102685489.88
728,75548569.77
729,143110134.31
730,135769227.06
731,68890024.57
732,75092793.23
733,107228132.28
734,134561464.56
735,102166632.57
736,75465562.75
737,114984661.39
738,116276585.3
739,84252626.87
740,77603831.83
741,75424344.48
743,77581649.69
744,144699056.97
745,132476266.95
746,120552402.53
747,34435075.37
749,186303547.98
750,70828933.36
752,141092436.47
753,78973881.44
754,228872620.62
755,86575616.12
756,83921563.02
757,65455631.71
758,112097734.7
759,56803667.59
760,72906322.62
761,71128192.56
762,84685795.78
763,211254136.7
764,67413223.61
765,93929751.11
766,65652679.82
767,54213584.75
768,106483649.37
769,65733253.46
770,94855930.44
772,39826623.43
773,54760080.36
774,143460548.45
775,62125886.56
776,71836569.98
777,134632918.58
780,79748483.05
781,75715647.69
782,100005271.37
783,114580069.62
784,195443345.18
785,117284200.11
787,54932611.69
788,110669679.83
790,54322043.69
791,189753019.43
792,71575438.63
793,139572328.55
794,81241330.46
796,108926826.46
798,40901083.5
799,171725502.98
800,102770210.66
801,112639597.92
802,47762917.62
803,128073739.11
805,66619701.37
806,238184476.41
807,60749131.68
808,105822202.91
809,104700610.1
810,85507041.55
811,52541024.06
812,69124516.02
814,73753412.77
815,97875850.53
816,123061220.87
817,82924375.88
818,57668435.76
819,100760664.07
820,152170252.83
821,88091872.58
822,112814606.04
823,77820908.49
824,78150203.53
825,82338062.57
826,135327304.73
827,72200158.57
828,163849131.61
830,66768769.06
831,103241138.71
832,217937499.23
833,93599023.74
834,91287854.53
835,75638137.03
836,62871724.27
837,127920801.39
838,124145868.63
839,52186200.9
840,57255442.47
841,90808342.97
842,173908492.0
843,93296396.82
844,98115523.92
845,41289653.57
846,258247567.47
847,95533250.21
848,62634273.94
850,51746069.61
851,64844938.91
852,95697763.03
853,62494924.84
854,156269930.13
855,179182976.57
856,65990223.2
857,61338216.45
858,252271389.4
859,118139219.89
860,62019864.31
861,90704232.23
862,116614416.59
863,98257708.11
864,138379428.26
866,67181147.51
868,108903362.91
869,116964985.72
871,66757074.21
872,100243154.99
873,116126080.01
874,79414293.69
875,127828486.12
876,54129512.47
877,47588815.4
879,73125591.59
880,120779736.59
881,219844695.43
882,137188922.87
883,85019971.26
884,166105872.18
885,52436549.83
886,68248725.59
887,135415025.97
888,271409361.3
890,74379453.6
892,104910202.42
894,184186236.38
895,98297092.87
896,84806283.72
897,77681638.77
898,80374044.57
899,167599999.68
900,139039081.3
901,109448469.18
902,107022244.97
903,77532428.39
904,58998128.53
905,48676558.57
906,71831712.07
907,87647093.98
908,132595674.76
909,87938288.54
910,177985347.59
911,59058861.4
912,221404276.45
913,124478518.79
914,86382437.65
915,80164836.54
916,133868564.5
917,82222628.11
918,145946898.58
919,160157539.26
920,106060711.6
921,230694164.18
922,68358624.44
923,125561873.24
924,61671930.27
925,82933139.23
926,52951590.13
927,78350303.63
928,125613111.24
929,116036540.09
930,113847353.53
932,201155736.2
933,68247986.41
935,40406404.43
936,69937434.36
937,83430292.62
939,65384400.48
940,81121041.75
941,143656488.0
942,90229660.88
944,91904294.89
947,64925040.6
948,50247197.62
949,75065300.85
951,342024412.23
952,76391561.88
953,58886798.83
954,149518043.35
955,76676451.75
956,56717615.94
957,33334246.19
958,143806783.95
959,69034089.67
960,123519542.84
961,113008740.27
962,76707094.84
963,76311403.8
965,61260388.13
967,168875444.47
968,70343020.23
969,139423679.24
970,100440985.25
971,142866778.67
972,140292666.98
973,201009903.19
974,79113738.34
975,89574154.51
976,76078770.27
977,114268662.71
978,132976571.72
979,115542844.88
980,72526188.72
981,69206751.19
982,110459863.27
983,37316355.99
984,61496080.22
986,55271503.93
987,83644834.96
988,117276750.47
989,74095412.24
990,106838968.92
991,128223554.63
992,108299816.54
993,130756901.11
994,61822516.01
995,127128050.39
996,30498418.67
997,115784202.72
999,154964703.86
1000,288918044.91
1001,191917436.58
1002,122540494.5
1003,62128296.13
1004,205145703.37
1005,181361320.41
1006,145268362.58
1007,106226428.76
1008,126891598.23
1009,49841105.94
1010,31785907.01
1011,58778736.21
1012,330763461.5
1013,63581195.75
1014,80949532.78
1015,67737740.7
1016,66253024.16
1017,159303871.28
1018,53680749.52
1019,80851808.9
1022,62352172.52
1024,48181464.64
1025,48054557.69
1026,99291123.04
1027,84832320.44
1028,102242122.56
1029,93685060.79
1030,154347965.49
1031,49917448.16
1032,56835410.1
1034,172177677.75
1035,193068240.23
1036,74627526.8
1037,91490063.49
1038,65629923.53
1039,56707533.31
1040,84678551.44
1042,96016209.23
1043,113423667.63
1044,326708907.21
1046,161337136.86
1047,85193300.74
1049,101557121.21
1050,68978731.7
1051,53845768.92
1052,223989574.04
1053,106316144.87
1054,183324222.0
1055,41317046.3
1056,43945826.44
1058,171196903.72
1059,242524219.6
1060,66368905.82
1061,54431432.75
1062,114800844.06
1063,66947764.4
1064,63967511.1
1065,269020843.9
1066,129917479.07
1067,107280971.9
1068,243678360.06
1069,136813428.61
1071,119242854.46
1072,111874840.91
1074,63777286.63
1075,78730435.51
1076,68857084.63
1077,107691665.32
1079,269124109.08
1081,52923485.71
1082,71430063.59
1083,101391512.73
1086,92478696.18
1087,89891668.97
1088,55814649.79
1089,79315008.65
1090,157217202.9
1091,73150311.69
1092,173033542.56
1093,99372157.08
1094,105285291.03
1095,185622872.87
1096,56138148.7
1097,68710763.85
1098,39907775.08
1099,63781405.79
1100,68087344.79
1101,51917423.69
1102,67464169.34
1103,77865327.12
1104,97915980.03
1105,49618009.32
1106,67123005.98
1107,82719709.11
1109,143399442.51
1110,50582584.92
1111,89535035.85
1112,59125986.19
1114,52057807.79
1115,53694813.9
1116,71615370.43
1117,105614163.68
1118,107649954.79
1119,40165496.43
1120,98315751.58
1122,68138823.9
1123,88003006.73
1125,53924424.66
1126,76978702.39
1127,82968645.6
1128,208818004.99
1129,73085272.16
1130,163276790.87
1132,136377606.12
1133,92725128.73
1134,88433932.79
1135,156663140.79
1136,64430702.99
1137,52580384.96
1139,62691576.88
1140,191642142.31
1141,119805054.4
1143,86327793.88
1144,88220045.77
1145,46982479.32
1148,67613502.44
1149,109808024.6
1150,66588995.48
1151,162844237.94
1152,96813247.88
1153,74473822.65
1154,117824267.38
1157,103482038.69
1159,162142525.52
1160,150777677.39
1161,63355117.26
1163,45025863.31
1164,111467340.72
1165,40008175.55
1166,144870529.35
1167,104003034.13
1168,321148090.55
1169,136391670.21
1170,132482904.94
1171,424846790.05
1172,99887923.44
1174,144008878.61
1175,100024365.93
1176,183811550.58
1177,56117667.23
1178,83662812.07
1179,44877194.58
1180,57493417.01
1181,171335831.81
1182,91158294.93
1183,96191351.68
1184,186780396.09
1185,101121054.37
1186,111577690.25
1187,113632672.08
1188,104979564.09
1189,100593951.75
1190,70495296.35
1191,105211547.32
1192,112287338.32
1194,78135754.43
1195,59381382.66
1196,74537220.99
1198,63140652.94
1199,43043675.34
1200,124810618.87
1201,37310447.73
1203,481569742.86
1204,96933624.69
1205,96440244.78
1206,158011066.51
1207,171348640.29
1208,41200621.72
1209,138276610.23
1210,120795481.67
1212,145222219.62
1213,58838096.23
1214,143079450.42
1215,95336744.38
1216,40302612.88
1218,55011157.41
1219,122346821.19
1220,94332626.14
1221,146796389.42
1222,105409481.46
1223,177882371.22
1224,56085096.53
1225,178643877.94
1226,101869336.7
1227,90771596.19
1228,60669106.29
1229,66547183.01
1230,145224272.18
1231,143467998.04
1232,44784506.42
1233,78330572.78
1234,105596710.09
1235,77710661.59
1236,89145819.98
1237,56604612.77
1238,94236797.6
1239,105768021.51
1240,47645962.91
1241,88388379.75
1242,110325125.61
1243,136882990.79
1244,55484057.24
1245,100275701.94
1246,82455236.98
1247,274912713.3
1248,90716108.97
1249,167499645.06
1250,250300037.28
1251,87700443.34
1252,139501567.05
1254,112725582.31
1255,67742955.58
1256,76914117.42
1257,95304546.38
1258,73072887.88
1259,95912297.1
1260,76258591.5
1261,117234166.59
1262,65904367.61
1263,142782362.32
1264,135074656.34
1265,78272873.97
1266,171521837.88
1267,38227059.09
1268,60504958.13
1269,64558383.3
1270,72792153.5
1271,208041102.67
1273,75377943.09
1274,105090514.13
1275,73912569.55
1276,117026304.1
1277,60599572.18
1278,147590480.49
1280,179715057.27
1281,101865945.89
1282,66003426.92
1283,56580285.57
1284,45147038.0
1285,62667169.39
1286,66646784.41
1287,102080504.04
1288,170082304.4
1290,73097817.52
1291,60426149.1
1292,91384147.26
1293,127247100.26
1294,67474354.4
1295,34657699.12
1296,160000051.49
1297,58834989.63
1298,125553282.82
1299,43701637.42
1300,79372374.53
1301,80417249.86
1302,75661052.2
1304,74701163.51
1305,67298213.01
1306,134611145.72
1307,122548024.76
1309,253321569.17
1310,78290182.22
1311,225387924.81
1312,59581218.65
1315,179555024.11
1316,59370470.46
1317,259533812.2
1319,94343401.15
1320,44876683.58
1322,66389817.51
1323,115970872.39
1324,45063089.26
1325,41460007.06
1326,144126677.27
1328,79143549.23
1329,155293832.34
1330,79128462.96
1331,39671857.23
1332,57806316.05
1333,60779471.49
1335,56996701.35
1336,114672974.62
1337,186685873.93
1338,55206284.76
1341,100769544.64
1342,45753834.3
1343,47775430.26
1344,190262567.14
1346,53419462.55
1347,77527998.64
1348,61415846.77
1349,193872268.75
1350,98847765.77
1351,68413924.98
1353,122231287.8
1354,302524733.89
1355,231228742.71
1357,93218494.49
1358,75034800.23
1359,47034503.29
1360,84954071.1
1362,85480642.11
1363,76453854.57
1364,44734035.95
1365,113928075.65
1366,126737468.55
1367,43242988.35
1368,50394709.78
1369,168465421.47
1370,83949845.85
1371,99112718.73
1372,33132345.07
1373,62758683.48
1374,122120809.7
1375,61459661.47
1376,74801727.38
1379,118594509.01
1380,148297901.94
1381,80135698.01
1382,113550057.29
1383,68065935.14
1384,70628332.9
1385,83661747.18
1386,46122305.42
1387,200209200.3
1388,95923313.84
1390,52139957.34
1391,58572889.99
1392,70486592.07
1393,114990014.66
1395,90673664.62
1396,107074829.78
1397,146437876.5
1398,82050188.01
1399,145571561.84
1400,153966267.07
1401,248059915.67
1403,87490659.39
1404,118718203.12
1405,103540929.41
1406,44367485.61
1407,59484931.46
1408,300164664.6
1409,85872303.56
1410,131230549.41
1411,99517830.01
1412,56031707.82
1414,152689710.59
1415,79924130.21
1416,91803039.73
1417,39561315.32
1420,52338104.78
1422,110315494.81
1423,127784450.91
1425,84423503.99
1427,186001870.8
1429,69889245.8
1431,129480955.23
1432,140414565.94
1433,128947916.02
1434,220989754.24
1436,49136580.39
1437,77176046.56
1439,241988480.46
1440,79264341.19
1441,123027975.11
1442,72412459.62
1443,82669961.51
1444,66536242.62
1445,63919097.42
1447,161549205.08
1448,70874544.45
1449,48703147.89
1450,89021271.89
1453,108933814.93
1455,191177729.95
1456,110153992.42
1457,82381085.42
1458,64800220.6
1459,81151576.86
1460,252200325.47
1461,87072895.94
1462,59035186.38
1463,112467700.31
1464,112761940.05
1466,124794032.27
1467,66484625.41
1468,90011380.2
1469,115049171.77
1470,35785097.72
1471,58083363.6
1472,133793309.98
1473,64797153.52
1474,39322034.07
1475,73086360.7
1477,75042160.05
1479,52195384.85
1480,174749178.86
1481,76747766.67
1482,90306423.42
1483,76136901.52
1485,126609753.12
1486,100083028.23
1487,63400322.71
1488,75089013.99
1489,319049211.06
1490,210866630.96
1491,55799296.73
1492,178913695.31
1493,53916158.03
1494,234875977.57
1495,158702695.07
1496,86422858.36
1497,103025174.15
1498,117363388.16
1499,109005739.61
1500,79249907.05
1501,143815624.03
1502,67306861.04
1504,65798900.93
1505,146575954.85
1506,91960034.41
1507,53998251.95
1508,75807026.34
1509,125776332.45
1510,134496489.94
1511,66072381.44
1516,108183565.35
1517,126801948.8
1518,30621464.02
1519,94656592.59
1520,152880582.78
1521,186452109.33
1522,69695105.22
1523,59431493.47
1524,118459380.22
1525,136589682.32
1526,47578618.03
1527,113551045.3
1528,62936851.44
1530,77447451.07
1531,170412198.96
1532,63523406.2
1534,62885320.82
1535,197313850.13
1537,103138159.86
1539,68551355.87
1540,91918426.23
1541,78397447.9
1542,132807987.64
1543,88065920.28
1544,131489490.99
1545,64508257.96
1547,59570296.11
1548,63073077.01
1549,113585412.69
1550,131130327.57
1551,210406330.17
1553,88619225.88
1555,77163461.04
1556,133303877.91
1558,81517091.99
1559,61686623.82
1560,88465153.22
1561,58157269.98
1562,45544160.69
1563,118254082.12
1564,74085474.29
1565,42538738.89
1567,54671893.23
1568,87000713.02
1569,84489633.93
1570,98249422.63
1571,70134452.18
1572,54031684.84
1574,84152150.4
1575,81991555.73
1576,121131905.12
1577,42635975.78
1579,64233208.74
1580,73423470.47
1582,69297436.24
1584,81610647.86
1585,70162736.5
1587,137946126.51
1589,53267962.04
1590,54693160.21
1591,38310611.14
1592,123400018.43
1593,63584978.52
1594,108160153.52
1595,105227864.21
1596,137746343.46
1598,140741021.42
1599,53705831.15
1600,53591086.31
1601,72551394.8
1602,76729150.95
1603,141288418.75
1604,111564084.84
1605,71348898.19
1606,88694275.61
1607,229620737.69
1608,121992947.32
1609,82017522.07
1610,124951892.6
1611,98365142.7
1612,56365518.1
1613,54489498.99
1614,202925435.77
1615,69831193.39
1616,79287840.86
1617,103380462.07
1618,214279806.31
1619,110840233.05
1620,80120856.15
1621,67158793.0
1622,124864052.29
1623,124893011.78
1624,79240667.71
1625,115680966.96
1626,66382021.75
1627,113252137.1
1628,155928150.06
1629,84160588.5
1630,117208766.6
1632,62671512.51
1633,121846389.57
1634,151345841.66
1635,127467875.22
1636,147925534.85
1637,84239995.03
1638,63920400.43
1639,103086387.53
1640,66640094.15
1641,75478828.27
1642,234926298.34
1643,101986568.98
1645,91807572.61
1646,87910700.15
1647,73465063.79
1649,133796866.02
1650,60342474.87
1651,77226253.6
1652,87255849.76
1653,72709040.32
1654,68944532.46
1655,82606169.74
1659,82447951.44
1660,56274605.48
1661,62991643.99
1662,57090169.14
1663,58093949.11
1664,47744388.31
1665,92928600.53
1667,82164170.02
1668,176308692.39
1671,76865926.13
1673,56824049.7
1674,171546308.6
1675,189387041.7
1677,63528453.98
1678,46534899.03
1680,88422621.86
1681,236047873.72
1682,214823294.23
1683,103809033.64
1684,71208051.23
1686,123315789.99
1687,81713028.8
1688,152428465.95
1689,83086373.09
1690,77713876.5
1691,179700761.09
1692,84665809.06
1693,115664259.55
1694,146530697.26
1696,114192659.53
1697,55534696.26
1698,117122024.57
1699,180626031.76
1701,38025638.57
1702,185346837.5
1703,69737547.97
1704,126473163.69
1705,59467841.48
1706,228399121.89
1707,100638423.29
1709,124632535.15
1710,106783200.85
1711,94287790.16
1712,217856668.97
1713,350330551.59
1714,216080813.8
1715,81811756.53
1716,73158149.62
1717,152243468.32
1718,125816060.8
1719,90640641.84
1720,182228539.65
1721,137134177.43
1723,102167109.05
1724,84114016.48
1725,258893576.84
1726,172794702.6
1727,138370790.9
1728,203782125.99
1729,74010605.48
1730,300745792.65
1731,131624815.92
1732,163990054.6
1733,127183209.16
1734,137791113.85
1735,112090555.76
1736,70564001.03
1738,58315660.07
1739,65151366.68
1740,51030621.78
1741,132266704.81
1744,137264295.46
1746,51956694.88
1747,164897097.62
1748,120352677.51
1749,81104660.51
1750,135230140.06
1751,39223810.17
1753,80628179.8
1754,134816806.73
1755,163219015.15
1756,118669524.41
1757,86344359.69
1758,64887375.87
1759,50030903.82
1760,75133676.53
1761,217068738.31
1762,119511687.67
1763,68405426.68
1765,75707724.28
1766,130877803.88
1767,348417406.06
1768,130946388.76
1769,127864002.11
1770,115369833.38
1771,36232067.27
1772,86786148.75
1773,175044568.7
1774,70333458.25
1775,56237280.53
1776,117884965.19
1777,195623505.11
1778,186240902.54
1780,36262038.94
1782,141288707.95
1783,60150272.69
1784,121160173.27
1785,135846432.85
1786,119936743.93
1788,242984282.91
1789,107750117.52
1790,65437567.84
1791,64299527.64
1792,121015457.06
1793,171436364.78
1794,369496810.75
1795,92323832.68
1796,112582894.44
1798,87198900.18
1799,66203441.22
1800,186427523.02
1801,109500928.89
1802,92284933.18
1803,126749692.49
1804,96764381.46
1805,87507105.57
1806,115285211.72
1807,57956647.09
1809,105967609.12
1810,284214806.28
1812,202664197.94
1814,59330266.48
1815,59424562.42
1817,52497479.65
1818,89690539.33
1819,52740033.85
1820,93173285.58
1821,77429369.48
1824,54293768.77
1826,116051528.85
1827,72615647.01
1828,178318151.6
1829,109867345.6
1830,36602647.09
1831,41033503.13
1832,50208271.29
1833,169637478.3
1834,45417900.81
1835,55732259.06
1837,55340056.93
1838,260481722.21
1839,55004017.44
1840,159931813.48
1841,119792432.53
1842,62213741.37
1843,106460480.42
1844,228373484.27
1845,144019504.27
1846,63397084.07
1847,44242994.05
1848,76447248.27
1849,67950968.0
1850,92114445.38
1851,59068349.84
1853,77964120.65
1854,54178296.63
1855,49616498.32
1856,160121486.82
1858,63427309.31
1859,334786434.42
1860,109084884.8
1861,100457253.44
1862,112744842.66
1863,36684647.41
1864,63489236.18
1865,204565783.41
1867,118617683.72
1868,276045732.88
1869,66549920.07
1870,106903425.25
1871,74244416.37
1872,40511820.4
1873,91847538.95
1874,38465142.19
1876,69165823.43
1877,296677871.32
1878,88394011.58
1879,55830369.26
1880,65804280.9
1881,98160192.83
1882,93036106.4
1883,63985663.96
1884,85373034.91
1885,97364085.19
1886,158428174.56
1891,116966645.7
1892,79777816.99
1893,102693079.5
1894,60597272.52
1896,79938204.69
1898,101350362.46
1900,63770797.11
1902,126274893.06
1903,45518075.06
1904,226627364.85
1905,139665118.07
1906,95349552.13
1907,106362322.87
1908,72134577.79
1909,114132384.61
1910,40049735.09
1911,79119019.84
1912,136947798.09
1913,102587219.09
1915,100670402.5
1916,34017967.82
1917,97506122.16
1918,124326677.1
1919,103288967.42
1920,78684313.84
1921,235725912.07
1923,55866668.0
1925,49277394.82
1926,99751306.87
1927,123759881.55
1928,53427137.1
1929,61554106.13
1930,122143902.32
1931,159961096.19
1932,71857548.41
1933,130639763.42
1934,208937731.51
1935,89081325.5
1936,45625653.39
1937,148048067.54
1938,329243019.64
1939,110015056.62
1940,71553263.8
1942,80793847.83
1943,144200892.28
1944,98775416.37
1945,290958749.44
1946,138779151.65
1947,41440136.66
1949,72759678.84
1950,79394922.68
1951,102014966.5
1953,110084217.8
1955,145862273.05
1956,101149931.96
1957,31499002.51
1958,146038827.0
1959,49370408.69
1961,60429178.34
1962,52468715.85
1964,69782670.11
1965,343334225.07
1966,91049979.21
1967,133065734.11
1968,208391411.33
1969,107303156.11
1970,77519760.85
1972,109935229.07
1973,60633876.91
1974,98038922.43
1975,136128786.35
1976,65854881.77
1977,95159130.4
1978,68047209.3
1979,128327502.13
1980,130712485.21
1981,143679544.87
1982,104300732.46
1984,88851720.1
1985,95169170.73
1986,131854150.76
1987,258899632.46
1989,111414399.89
1990,294138946.38
1992,52412427.72
1994,50658304.77
1995,115930329.31
1996,40346482.35
1997,81765395.93
1998,199044606.9
1999,116030000.58
2000,66905058.95
2001,43104499.02
2003,86020531.14
2005,100610261.18
2006,124221424.68
2007,79509464.66
2008,149422938.22
2009,165201615.37
2010,268919791.0
2011,43968398.83
2012,53571556.77
2013,79026295.09
2014,118264632.59
2015,121721894.15
2016,96269873.21
2017,149885173.23
2018,85867879.12
2019,115793555.86
2020,98216626.83
2021,67841646.62
2022,130302787.01
2023,117923440.87
2024,53367666.85
2025,123111794.62
2026,106506713.1
2027,132247737.24
2028,236140052.71
2029,108853175.92
2030,54495622.5
2031,72586856.66
2032,198315909.71
2034,75690902.57
2035,71940627.25
2036,99911947.19
2038,85885837.35
2039,59295582.63
2040,154248341.65
2041,82134595.26
2043,89281366.61
2044,110577265.63
2046,75684041.96
2047,152818850.13
2048,80628124.19
2051,45487945.69
2052,123030915.56
2053,63760827.35
2054,77015080.82
2055,89541936.1
2056,263440384.96
2057,68399395.22
2058,459432280.83
2059,118644400.4
2060,73264791.87
2061,132461982.08
2062,117249121.53
2063,98831705.28
2064,314218701.51
2065,66981947.78
2066,63721416.04
2067,102574517.65
2068,89728127.34
2069,96289492.94
2070,86039204.69
2071,81782837.83
2072,94795677.98
2074,180738585.43
2075,213795753.41
2076,98246843.2
2077,264676852.41
2078,201372819.06
2079,36602215.88
2080,146568724.49
2081,93631209.98
2082,87199752.35
2083,64299205.43
2084,151663923.59
2085,63562943.52
2086,55652117.62
2087,88928193.71
2088,282465991.35
2089,93252609.1
2090,39166397.84
2092,94517306.78
2093,61323224.11
2095,66689359.42
2096,122374283.14
2097,51550945.07
2098,36161942.25
2099,115556270.31
2100,98836601.22
2102,129590926.74
2103,80702110.08
2105,91178210.45
2107,146778588.17
2108,64760650.2
2109,80442541.64
2112,55297601.71
2113,55586177.12
2114,76045132.58
2115,59759846.48
2116,46177825.09
2117,87244025.69
2119,148822321.89
2120,170267158.33
2121,64247224.1
2122,160584416.4
2123,195306818.6
2124,197330769.83
2125,83930823.11
2127,192863764.65
2128,114063139.2
2130,91238237.93
2131,84262140.1
2132,134455238.52
2133,68529441.82
2134,223725975.25
2135,176534334.0
2136,122205426.87
2137,114897786.19
2138,95148684.43
2139,85837580.54
2140,73921134.22
2141,44336143.56
2142,176601877.39
2143,114679424.82
2144,97953234.82
2146,48083109.54
2147,52591957.34
2148,210558359.91
2149,96213887.44
2151,82384792.86
2152,72565728.28
2153,68925681.13
2154,119525393.87
2155,117453978.27
2156,78435279.93
2157,257348304.06
2158,96657574.21
2159,80261306.59
2160,114173491.75
2161,56568590.08
2162,59707309.35
2163,85770145.28
2164,63939469.4
2166,97601369.45
2167,80942361.89
2168,120150654.97
2169,71101223.61
2171,44200988.66
2173,91765426.68
2174,94604063.01
2175,76287876.42
2176,160805118.24
2177,51022898.75
2179,107729371.72
2180,71635044.13
2181,92617434.4
2182,89799123.26
2183,134953234.2
2184,76567187.59
2185,139786541.42
2186,54947536.9
2188,67190891.54
2189,74410487.66
2191,117989847.82
2192,190993436.08
2194,72944825.2
2195,95310318.91
2197,162998670.86
2198,263279004.51
2199,200953344.9
2201,66651019.23
2202,103183957.01
2203,80116863.74
2205,66474139.25
2206,136590429.35
2207,72288317.84
2208,58695422.48
2209,65334036.5
2210,135403228.11
2211,270540464.51
2212,330787852.87
2213,101911036.03
2214,85551450.54
2215,294654883.44
2216,337886768.93
2217,225549017.36
2218,56708962.88
2219,95930884.13
2220,38034191.36
2221,73963875.61
2222,66233556.19
2223,167224000.51
2224,150466283.17
2225,88152581.81
2226,53969073.54
2227,44544191.97
2229,62416416.29
2230,101392571.99
2231,81339092.36
2232,71570028.44
2233,243257471.22
2234,166633369.27
2235,227813268.17
2236,120572325.01
2237,73993968.94
2238,67891723.85
2240,95443517.22
2241,94541585.41
2242,87520706.8
2243,146544662.52
2244,51626413.53
2245,148212452.19
2247,163081385.11
2248,71172357.76
2249,85620967.56
2250,114803656.28
2251,102916946.31
2252,64906972.22
2253,54407844.74
2254,73551081.19
2255,57668788.16
2256,71055550.31
2257,109094786.47
2259,105239854.97
2260,212486397.73
2261,66221944.49
2262,103597667.68
2264,39421839.66
2265,72107503.36
2266,195820299.71
2267,124273924.47
2268,71139188.75
2269,145717555.08
2270,124531802.81
2272,56427342.47
2273,112112776.33
2274,99495829.15
2276,74081060.62
2277,66543005.23
2278,90900706.38
2280,66634943.45
2282,83225667.62
2283,103243045.04
2284,165232552.49
2285,67157839.65
2286,155615138.7
2288,153488393.81
2289,141639421.06
2290,190437672.68
2291,125162689.81
2292,51834576.09
2293,68059450.74
2294,57441741.9
2295,64475452.55
2298,249137907.15
2299,32138037.27
2300,64913132.39
2302,67232709.58
2303,67353159.49
2304,224727482.51
2305,229877398.11
2307,52659936.99
2308,155318434.26
2309,211093244.46
2310,70755032.08
2311,57599553.09
2313,87476587.3
2314,72702302.44
2315,114781244.75
2316,104143311.79
2317,56549720.94
2318,106228197.8
2319,63831474.62
2320,93326875.75
2321,143765240.49
2323,113742057.94
2324,68811547.05
2325,74684575.67
2326,97663353.47
2327,67146673.54
2328,57439182.79
2329,57840552.89
2330,60183628.79
2331,311115303.71
2334,115315763.76
2335,48231024.15
2338,105200969.82
2339,52647911.7
2340,201120924.87
2341,57955156.49
2343,73354304.34
2344,51461905.34
2345,141627666.14
2346,72955402.37
2347,250162994.31
2349,78335157.4
2350,86425540.04
2351,57040735.55
2352,56220637.36
2353,46144081.69
2354,72077753.32
2355,198977236.73
2356,102909246.55
2357,129565874.4
2358,106482554.82
2359,81486944.42
2360,61889528.92
2361,300904060.31
2362,206739934.02
2363,50847594.1
2364,93251687.27
2365,39080432.87
2366,107542500.76
2367,51948180.79
2368,55948385.18
2369,83637671.74
2370,89510024.34
2371,62714221.8
2373,54784095.28
2374,91738133.89
2375,70153422.88
2376,189703567.51
2377,104296751.52
2379,79088675.51
2380,248661908.46
2381,131272719.03
2382,113125099.69
2383,85572378.65
2384,168535359.7
2385,119844467.71
2386,90126400.52
2387,92694985.31
2389,71137156.16
2390,75499646.5
2391,107663611.39
2392,114462704.3
2393,88170387.85
2394,77447283.98
2395,66607985.03
2396,71208263.1
2397,51286198.41
2398,71304894.11
2399,151066348.13
2400,101823543.57
2402,108009247.83
2403,86420060.09
2404,84409073.28
2405,90018866.56
2406,225503043.27
2408,100175944.09
2409,45949281.49
2410,173269207.78
2411,76611339.79
2412,212071682.68
2415,101432291.33
2416,73702629.91
2417,95977722.8
2419,37083188.26
2421,116090540.83
2423,100117003.75
2424,173398307.8
2425,78838850.44
2426,72544264.88
2429,46788051.43
2430,203039366.85
2431,167632371.61
2432,48314591.86
2433,89108818.55
2434,111543201.8
2435,70820809.21
2436,101947074.1
2437,63954541.09
2438,70047947.05
2439,66926964.84
2440,74236172.54
2441,64244510.78
2442,43040680.11
2443,149782083.94
2444,130516321.72
2445,185322961.12
2446,127343208.23
2447,99471663.01
2448,185339239.39
2449,71232247.07
2451,156435730.78
2453,56264536.49
2454,122350316.44
2455,67058542.82
2456,97631726.62
2457,40290337.02
2458,70103183.56
2459,87723768.92
2460,96957528.86
2461,94456531.49
2462,57016447.26
2463,100168997.3
2465,65361868.61
2466,54564653.49
2467,72791398.08
2468,116543881.08
2469,71801439.09
2470,54421939.69
2471,108072543.97
2472,73698347.87
2473,64750174.46
2474,101743869.14
2475,123740811.31
2476,96300620.43
2477,184958605.39
2479,117398701.63
2480,90914852.47
2481,72210991.49
2482,65645113.81
2483,92997273.52
2484,69719573.99
2485,91122104.61
2486,64012195.92
2487,51792615.31
2488,195095476.77
2489,40514642.24
2490,56070997.85
2491,102460745.06
2492,110996058.71
2494,106737103.73
2495,71602641.97
2496,69182893.77
2498,182666230.07
2499,73961194.29
2500,89751956.66
2502,58472776.39
2503,73877672.37
2504,223113950.27
2505,186712485.33
2507,199171843.93
2508,92179491.61
2509,91269120.5
2510,98782411.56
2511,80622057.74
2513,142624763.76
2515,69816593.1
2516,216217924.85
2517,110113973.71
2518,62317359.95
2519,97152825.94
2520,243112273.63
2521,101847066.53
2522,164452482.63
2523,66686016.46
2526,100166314.54
2527,111985449.02
2528,178341970.28
2529,86274372.03
2530,72645210.32
2531,105910979.94
2533,178617079.92
2534,61534617.59
2535,110902689.21
2537,101115185.41
2538,89291769.62
2539,33067256.57
2540,111827419.89
2541,45451956.3
2542,155397208.94
2543,63881083.72
2544,138332395.15
2545,62089074.68
2546,77373297.35
2547,59809955.3
2548,152936385.97
2550,74012737.78
2551,69904705.92
2552,76874992.11
2553,67792145.58
2554,245928872.32
2555,55251784.63
2556,125918761.84
2558,63335154.3
2560,104312239.29
2561,57548975.12
2562,253978003.65
2563,44172884.23
2564,94790784.48
2565,59753209.05
2566,122804678.79
2567,80115645.66
2568,35166351.54
2569,172713841.15
2570,212258404.78
2571,144766181.76
2572,90722952.28
2574,84896937.26
2575,32411540.9
2576,44717814.07
2577,52084807.27
2578,38923529.01
2579,218308468.78
2581,69881878.78
2582,170922761.59
2583,142824681.19
2584,86276887.11
2585,66100655.52
2586,86486867.13
2588,97020136.72
2589,150300647.43
2591,94364316.31
2592,114149637.42
2594,38861938.71
2596,150927720.85
2597,70018082.97
2598,105302182.83
2599,105943807.57
2600,107795730.14
2601,138074877.1
2602,109541890.22
2603,84370834.73
2605,74052187.32
2608,66739835.07
2609,68635138.66
2611,96389280.06
2612,151903431.43
2613,88618290.61
2614,129685258.64
2615,45562961.52
2616,99046229.71
2617,68187730.18
2618,69023163.28
2619,103769812.01
2620,59169797.21
2621,61362995.91
2622,79303061.93
2623,92001452.24
2624,69465430.44
2625,118762111.97
2626,137303916.19
2627,59517229.42
2628,97780127.4
2629,172048940.61
2631,49136992.31
2632,90499141.43
2633,158683181.42
2634,39393218.51
2635,105416170.21
2637,100894792.37
2638,133981541.1
2639,215932050.69
2640,33326406.98
2641,67511491.02
2644,152556348.74
2645,98487009.86
2646,94739447.51
2648,108934430.12
2649,105541792.73
2650,86180402.02
2652,137542528.16
2654,171326418.71
2655,78759488.97
2656,113539899.94
2657,97941157.57
2658,36743206.13
2659,104985265.58
2660,85459777.56
2661,83041974.16
2664,79196488.23
2665,80343764.57
2666,51031029.81
2667,48715745.91
2668,132896574.98
2669,124459547.13
2670,77364983.23
2672,80017356.22
2673,61467642.16
2674,99942859.42
2675,95576672.83
2676,116093223.05
2677,103224400.19
2679,73086305.87
2680,316186936.19
2681,50960692.75
2682,197011419.08
2683,66475417.81
2684,56201074.96
2685,71760477.19
2686,54279535.0
2689,51788883.0
2691,179570961.27
2692,88768202.44
2694,48424677.61
2695,80335839.99
2696,72468744.92
2697,59610048.44
2698,98259364.18
2699,88973272.29
2700,63799134.38
2701,72894110.7
2705,73364505.16
2706,58428512.81
2707,44683038.54
2708,54764412.52
2709,119625788.88
2711,91827877.07
2712,100300230.97
2713,66987620.21
2715,89879406.36
2716,31529051.66
2717,111561818.54
2718,120758155.36
2719,67931690.24
2720,69287676.5
2721,125211528.01
2722,109325684.7
2723,67828674.02
2724,54588072.96
2725,83218292.23
2727,80259653.32
2728,420969805.61
2729,98615146.02
2730,52906682.08
2731,94586588.03
2732,36445261.1
2734,182635420.99
2735,98692645.35
2736,61804739.54
2737,89558027.36
2738,145332333.24
2739,159136928.51
2740,75878573.1
2741,190503435.67
2742,65567237.23
2744,174638902.42
2745,180219633.4
2746,75673156.4
2747,93727826.98
2748,100309572.15
2749,300684013.13
2751,91817859.15
2752,236908442.13
2753,58041116.29
2755,53105306.44
2756,80957105.11
2757,261468349.72
2758,105765452.04
2759,38371238.21
2760,141926895.21
2761,133903017.17
2762,73025445.09
2764,462080688.16
2766,63970628.64
2768,125655585.45
2769,53244766.68
2770,242909194.37
2771,68671581.39
2772,47117488.97
2773,73816173.14
2774,119276583.45
2775,133822207.81
2776,99624962.2
2777,158242951.42
2778,134947049.43
2780,100226494.3
2781,72204811.51
2782,89289579.62
2783,101070888.05
2784,61059704.17
2786,90270951.59
2787,79739955.49
2788,94902855.09
2789,107197164.15
2790,51691126.21
2791,60988872.64
2792,188870858.97
2793,139715546.53
2794,65622243.2
2795,72124353.5
2796,88990368.22
2797,134678955.63
2798,79347056.13
2799,98113025.37
2800,55251376.75
2801,233782911.25
2802,62789853.24
2803,82039655.73
2804,94667907.51
2805,65001421.24
2806,76012453.78
2807,77710336.0
2809,121154701.43
2810,51623348.49
2812,93138436.49
2813,94275714.91
2814,66841086.31
2815,96646340.6
2816,148251981.72
2817,89284012.64
2819,44716080.1
2820,55855785.19
2821,55960760.42
2822,72292902.73
2823,157525607.83
2824,144639505.88
2826,77185625.18
2827,100923189.09
2828,67315921.34
2829,91864065.39
2830,158209453.06
2831,72239029.17
2832,54128910.43
2833,193878473.01
2834,65122110.53
2835,139481592.2
2836,105676915.25
2837,73952556.12
2838,194323492.89
2839,112330288.95
2840,55460236.36
2841,133988830.37
2842,81910256.07
2843,166661377.18
2844,68014157.4
2845,54625687.4
2847,72766976.21
2848,102422771.44
2849,75337862.6
2850,35658834.17
2851,73296982.31
2852,172764764.67
2853,33795369.41
2854,58142274.23
2856,77585789.54
2857,141347113.47
2858,95056423.28
2859,116713415.55
2860,124877389.13
2861,77609285.15
2862,45959977.02
2863,86203877.07
2864,65989082.33
2865,84376232.23
2866,81641241.18
2868,86303165.33
2869,87799592.49
2871,93275239.64
2872,238277664.75
2873,427152094.09
2875,213610588.35
2876,70359936.06
2877,372889890.72
2878,163571963.58
2879,47135011.59
2880,78955079.01
2881,95477241.0
2882,77382772.28
2883,85023429.74
2884,77766254.07
2885,75283143.5
2886,73512824.85
2887,169877879.34
2888,109050870.8
2889,184501585.84
2891,70565724.24
2893,104107657.66
2894,63310218.14
2897,96043825.58
2898,146281306.05
2899,47358624.58
2900,95184552.02
2901,99411727.79
2902,122461615.72
2903,65210816.38
2904,101214475.73
2905,83980944.03
2906,43141084.6
2907,64856243.57
2908,158510429.98
2909,81008926.17
2910,195501141.79
2911,126322960.84
2912,85338232.73
2913,56242374.84
2914,62395255.25
2915,194815119.65
2916,326129466.15
2917,190834642.71
2919,58679534.2
2920,140986600.12
2921,67758493.85
2922,134454929.75
2923,146945801.56
2924,77495746.4
2925,155682232.04
2926,63250596.01
2927,58537811.35
2928,85925682.62
2930,63945799.11
2933,84205736.33
2934,45442947.63
2935,126567536.58
2937,83576450.72
2938,72116914.96
2939,122087203.95
2940,144685542.26
2941,138690377.16
2942,82901217.5
2943,83751059.03
2944,47119912.44
2945,85521663.93
2946,75400850.85
2947,67395449.94
2948,84851980.93
2949,91238213.51
2950,65653515.71
2951,69727310.7
2952,127930997.1
2953,97186002.75
2955,280318524.53
2956,105348080.9
2957,127538449.8
2959,322757058.02
2960,100425407.58
2961,140812884.4
2962,56163821.26
2964,117233190.33
2965,107176917.52
2966,53778503.11
2967,101360272.96
2968,128579771.22
2969,150098836.95
2970,93742088.83
2971,142324173.96
2972,133704757.82
2973,116776689.55
2974,88587836.8
2975,72657995.54
2977,122841612.64
2978,87383691.92
2979,294249675.63
2980,77193142.21
2981,90452628.51
2982,95194701.47
2983,73256025.34
2984,238840249.67
2985,133358968.96
2986,195551067.76
2987,79936262.56
2989,70229639.1
2991,121213455.25
2992,61468789.0
2993,132672686.14
2994,82743422.19
2995,50120603.47
2996,107829139.9
2997,115364373.83
2998,65810283.13
2999,160268517.38
3000,133183163.81
3001,189377152.63
3002,73437440.85
3004,74622120.67
3006,39523325.75
3007,98821109.78
3008,108233764.57
3009,55085261.51
3010,58771807.53
3011,60978457.25
3013,231503299.86
3014,64640557.83
3016,101532851.54
3017,40036306.96
3018,84731553.39
3019,54724831.79
3020,68797841.11
3021,106320705.27
3024,131341241.97
3025,89034759.57
3026,94565987.68
3027,90963067.55
3028,54644675.21
3031,202661910.61
3032,248615069.54
3033,86374654.2
3035,61235619.44
3036,86906086.62
3038,78880048.42
3039,63969707.57
3040,136648839.59
3041,70498504.0
3042,48261454.38
3043,69255414.26
3045,185288374.81
3046,46522029.01
3047,62948184.1
3048,73185519.34
3050,99233031.93
3051,281339107.7
3052,28550393.6
3053,95763238.13
3054,128001282.82
3055,179378972.36
3056,74269057.73
3057,95605558.39
3058,79755300.83
3060,149237165.58
3061,137157862.37
3062,65251469.39
3063,47759740.93
3064,227440433.52
3065,50128963.36
3066,85861994.41
3067,291053252.54
3068,234091806.27
3069,92294403.53
3070,103552945.53
3071,209309994.92
3074,108046719.31
3075,76923213.39
3076,103115044.1
3077,83127594.83
3078,48087801.95
3079,50545730.02
3080,107923641.64
3081,60358688.82
3082,49339604.41
3083,108927763.07
3084,69516045.0
3085,63754291.34
3086,85818330.05
3087,91901234.3
3088,139538177.99
3089,123195473.97
3090,161427165.57
3091,85832705.14
3092,77738183.61
3093,112184682.64
3094,113190308.68
3095,102810966.41
3096,161264159.52
3097,77150923.26
3098,85492548.8
3099,74624238.81
3100,125896465.77
3101,151295499.82
3102,148159082.2
3104,131577705.38
3106,45495253.82
3108,66449906.36
3109,47194797.21
3110,140489347.58
3111,132455180.59
3112,236350729.48
3113,124518700.3
3114,74302772.5
3115,66510451.4
3116,72814676.55
3117,230084310.08
3118,71275097.87
3119,79926559.57
3121,64681248.97
3122,191814306.22
3123,56397642.09
3124,106490079.85
3125,49251531.01
3126,65159602.97
3127,276472900.0
3128,125741728.08
3129,70602810.99
3130,64542277.2
3131,103179746.21
3132,59049072.55
3133,84163587.24
3134,44554856.41
3135,101588974.42
3136,99831002.99
3137,207300465.29
3138,109378156.9
3139,142414333.56
3140,67709116.62
3141,129192061.13
3142,77624180.05
3143,41492641.25
3144,168078005.11
3145,91492917.23
3146,86707578.07
3147,49151850.51
3148,103791879.96
3149,72483433.63
3150,59845505.58
3151,87182916.76
3152,55747847.9
3154,53415200.87
3155,67235543.54
3156,78717955.45
3158,81104610.79
3159,135273923.78
3160,111669690.32
3161,205544285.27
3162,115590661.08
3163,88643243.46
3164,143212806.97
3165,72118606.56
3166,71459643.75
3167,112383289.91
3168,96162248.14
3169,150252485.69
3170,124952237.15
3171,73545876.02
3172,104836590.21
3173,68719646.49
3174,77598168.2
3175,109971346.73
3177,96410786.18
3179,124806268.88
3180,185689016.85
3181,95669562.79
3182,58836563.38
3183,101557867.18
3184,65233042.47
3185,94231632.92
3186,45410754.3
3187,77092222.95
3188,103274323.32
3189,107878829.21
3190,92816912.31
3191,164353357.62
3192,48632315.64
3193,62226672.76
3194,82127319.52
3195,51700161.14
3196,49960206.81
3198,208347554.51
3200,113348091.52
3201,134350700.01
3202,74307174.26
3203,38042809.91
3204,150689970.01
3205,104374035.2
3206,54218244.73
3207,82488538.36
3208,115967515.35
3209,64976005.46
3211,84765217.02
3212,109421714.22
3213,70939992.62
3214,43525032.71
3215,198758726.61
3216,155433187.29
3217,79847729.54
3218,175819085.58
3219,212029551.27
3220,86275241.22
3223,219975190.63
3224,97952290.59
3225,87182758.46
3226,57710842.65
3227,59314125.44
3228,54974176.47
3229,109399619.93
3230,61861252.03
3231,216485220.9
3232,88022591.06
3233,202868066.0
3234,37361655.97
3235,172313529.2
3236,106333043.74
3237,114870652.97
3239,77303091.78
3240,44382776.88
3241,413487988.48
3242,44551313.51
3243,99708672.83
3244,74634929.17
3246,137333291.8
3247,88321922.22
3248,136956477.61
3249,66917412.89
3250,128658707.05
3251,73643653.53
3252,137060667.81
3253,86637654.15
3254,120526622.81
3256,74759509.18
3257,71248505.83
3258,138565719.81
3259,55354385.17
3260,120805512.82
3261,41652176.53
3262,72361074.28
3263,135622184.02
3264,123464841.3
3266,101932175.37
3267,58470086.03
3269,47316527.72
3270,83475134.33
3271,64822396.17
3272,151684925.92
3273,75333616.31
3274,200616058.13
3275,106710958.86
3276,49393147.27
3277,114866528.86
3278,273444011.34
3279,60996697.36
3281,148843525.69
3283,134362641.4
3284,304606826.95
3285,81005750.06
3286,170386294.93
3288,57393563.81
3290,143150363.69
3291,77098291.97
3292,99614971.97
3293,97879680.39
3294,52660087.37
3295,51248860.74
3296,168833465.79
3297,113634927.07
3298,167779618.36
3299,121037402.07
3300,92539885.45
3301,95911960.3
3302,57105103.55
3303,48312762.52
3304,45769360.79
3305,80539750.71
3306,121605856.36
3307,81858701.43
3308,181909484.17
3309,68162295.1
3310,88585424.62
3311,173445783.5
3312,68588416.87
3313,136754109.43
3314,130625529.27
3315,82354980.95
3316,102443874.35
3317,77795477.14
3318,44250696.26
3319,71211876.0
3320,188596437.72
3321,118058069.5
3322,60642147.5
3323,136003060.63
3324,92273344.67
3325,158492620.89
3326,125751223.47
3327,113838507.27
3328,79848043.18
3329,89825371.98
3330,89301306.44
3331,69958095.16
3332,76476933.16
3333,105732089.1
3334,56108940.1
3335,64115588.87
3337,55286602.86
3339,72315186.08
3340,357655047.17
3341,60816644.64
3342,141886711.85
3343,115689833.61
3344,93443498.88
3345,118521650.64
3346,68157201.48
3347,78768504.43
3348,79916658.33
3351,126080556.13
3352,77440681.79
3353,62052943.68
3354,183425739.97
3357,90297854.67
3358,48945889.71
3360,100953474.45
3361,84287031.63
3362,52747656.77
3363,68583482.73
3364,56991230.33
3365,314212793.16
3366,90484371.92
3367,73171638.61
3368,113332938.61
3369,274583534.24
3370,70904006.0
3371,161543475.06
3372,67352157.83
3373,73789583.36
3374,102662045.33
3375,291095783.42
3377,104611741.42
3378,201757492.69
3379,77988570.01
3381,154056598.36
3382,75461947.25
3384,49595381.02
3385,80189480.59
3386,148522032.03
3389,105565853.59
3390,102501909.92
3393,103654047.07
3394,26296134.25
3395,44718377.98
3396,270151485.6
3397,59051103.11
3398,145204059.91
3399,121090086.46
3401,57098813.22
3402,81103427.17
3403,134940105.95
3405,74406531.15
3407,136394509.9
3408,80161229.35
3409,66299110.48
3411,74631710.29
3412,154077012.66
3416,104458345.67
3417,80424066.1
3418,51383591.47
3420,141444233.69
3421,105438581.75
3422,127468297.23
3423,54094190.18
3424,79528691.32
3425,79518354.88
3426,78701029.19
3427,129721747.03
3428,153699482.42
3429,234739401.19
3430,111273925.08
3431,89048438.6
3432,74824456.85
3433,144274891.21
3434,225019275.05
3435,104295233.71
3438,60980503.46
3440,59663073.28
3441,103906057.21
3442,90888368.68
3443,59082367.46
3444,86599016.17
3445,68342584.35
3446,49447660.18
3447,74212060.66
3448,78445685.13
3449,98393208.12
3450,79497106.37
3451,114318936.57
3453,310084789.98
3454,73124518.58
3455,49119708.92
3456,72432886.61
3457,110789128.11
3458,150519612.59
3459,76273127.93
3460,90536002.13
3461,108455601.86
3462,134118916.01
3464,70642194.0
3465,184880438.41
3466,87277988.01
3467,60563905.23
3468,96813736.68
3471,98297046.23
3472,77573365.47
3473,68398935.63
3474,137726083.99
3475,160703284.24
3477,50307606.24
3478,116048032.98
3479,94586940.29
3480,123103211.05
3481,80847922.21
3483,145997885.72
3484,50439690.84
3485,120830977.57
3486,107335288.66
3487,200936534.72
3489,71462645.63
3490,64325389.63
3491,76134733.18
3492,98893844.3
3493,51589657.09
3494,77338357.22
3496,122329626.52
3497,131252792.57
3498,61451738.24
3499,113123928.36
3502,37508963.26
3503,68919804.59
3504,56126411.52
3506,89242685.0
3507,80096145.56
3508,155472542.21
3509,104145527.81
3510,65958373.44
3511,91282919.53
3512,48548252.2
3513,160217777.6
3514,96873459.25
3515,176060849.47
3516,310272923.47
3517,75316301.38
3518,182486844.99
3520,60255259.82
3521,123530887.62
3522,105331874.48
3523,105906967.82
3524,63085730.57
3525,152888605.1
3526,294179624.33
3527,166057690.15
3528,100907589.88
3530,131982492.68
3531,97734603.34
3533,203867953.88
3534,44846033.98
3536,112619730.55
3539,161481434.77
3540,86552551.07
3541,66875810.36
3542,93796492.33
3543,61854780.93
3544,138891154.72
3545,77937265.64
3546,75695539.99
3547,110469468.24
3548,110056450.98
3549,68783686.19
3550,49255425.46
3551,102877165.74
3552,108419185.62
3553,81427020.74
3554,55373398.51
3555,87115513.83
3556,43712903.24
3557,88843117.14
3560,79132597.02
3561,254349450.71
3562,70707579.24
3563,224557042.65
3565,111783825.89
3566,61293381.21
3567,352613697.37
3568,85353660.56
3569,58128479.53
3570,116450311.94
3573,156665495.85
3575,58113503.58
3576,47808594.61
3577,112323332.23
3578,163702275.26
3579,61713308.79
3580,91527639.19
3581,69672186.93
3582,155554968.19
3583,56060494.35
3584,80676788.49
3585,255642439.49
3586,74496458.06
3587,112734620.49
3589,78134045.99
3590,75871882.83
3591,52236384.9
3592,103469839.41
3593,108309480.38
3595,224433813.18
3596,82589560.26
3597,62850914.27
3598,75865127.69
3600,81794387.91
3601,55138528.04
3602,128887347.07
3604,148780091.1
3605,171363730.8
3606,75995974.5
3607,39907230.52
3608,60536337.51
3609,74437627.74
3610,72871338.36
3611,99003640.65
3612,113755749.38
3614,95990390.67
3616,96268393.3
3617,160314944.12
3618,68973636.05
3620,33552348.75
3623,67178348.71
3624,118288087.0
3625,72737285.77
3627,65473662.41
3628,57493214.29
3629,115455957.89
3630,38706168.47
3631,65320855.62
3632,91784982.89
3634,178256653.07
3635,117502792.95
3637,60357376.58
3638,73078731.28
3639,140454423.26
3641,50361809.32
3642,72772231.15
3643,96103927.8
3644,76117554.45
3645,72548337.49
3646,115753438.29
3648,157223601.32
3649,101785309.99
3650,98736706.35
3651,52638647.54
3653,99312001.97
3654,65724377.42
3655,109534398.32
3656,75986455.16
3657,87990577.4
3658,72492483.63
3659,258648309.34
3660,57695769.66
3661,214461875.34
3662,96395926.78
3663,121934723.59
3664,98551019.29
3665,71978058.26
3666,84824928.51
3667,64231767.6
3668,60849381.85
3669,71512499.94
3670,150877115.51
3671,92783493.99
3672,72141592.27
3673,58229971.73
3675,58493696.3
3676,87282153.04
3677,36036783.67
3678,75437759.61
3679,91711109.08
3681,75706953.77
3684,92945566.79
3685,72513600.49
3686,75952025.99
3687,179266415.22
3688,123711600.3
3689,117391846.07
3691,136055657.68
3692,49760079.4
3693,119307431.15
3694,86061608.59
3695,115921404.28
3697,53108656.61
3698,132444072.46
3699,102341493.65
3701,76827533.06
3702,70506615.32
3703,58951576.1
3704,31319595.87
3705,105509117.82
3706,209470369.54
3707,113610479.9
3708,122446453.26
3709,103648225.99
3710,94810049.64
3711,114750267.35
3712,154978123.57
3713,55743984.19
3715,93651149.17
3716,126581689.37
3717,119127583.83
3718,93762626.6
3719,87172257.19
3720,133668584.68
3721,79797341.95
3722,76037659.38
3723,68545778.99
3724,110885568.08
3726,57185513.55
3728,90152364.88
3730,54259664.73
3731,151729418.25
3732,70612803.38
3733,79292955.97
3735,113177734.57
3737,72740841.77
3739,65028706.0
3741,219332628.9
3743,182974844.64
3744,81816518.48
3745,131365289.59
3746,84688564.02
3747,75004091.46
3748,106054714.44
3749,72636768.99
3750,67594002.53
3751,49980176.18
3752,216048467.58
3753,103147382.0
3754,177293176.89
3755,146757254.68
3756,98471141.29
3757,174995850.23
3758,108206675.06
3759,67040554.3
3760,84994287.85
3761,77006774.89
3762,174531723.63
3763,117914977.12
3764,69489775.38
3765,84308523.75
3766,86198472.32
3767,72299928.27
3768,47983236.57
3769,61189978.51
3770,57352393.41
3771,58251833.5
3772,111701209.94
3774,75410328.21
3775,208661921.91
3776,128659854.29
3777,44343525.77
3778,59776824.49
3779,215146741.19
3780,59785801.41
3781,49336048.03
3784,100278763.06
3785,122934367.03
3786,117554177.94
3787,52085974.94
3788,91570940.26
3789,57435962.64
3790,132315827.51
3793,65193445.34
3794,39226517.98
3797,268347542.12
3798,86767064.2
3799,86448177.66
3800,101796861.97
3801,65472336.01
3802,91769065.19
3803,42420193.8
3804,67984548.83
3805,122667830.73
3806,107137210.29
3808,66166065.86
3809,139695683.77
3810,86051544.5
3811,54518928.09
3813,66316363.43
3814,97496461.55
3815,108412673.19
3816,153729088.05
3817,178129023.62
3818,85852935.05
3820,59560264.33
3821,93561373.89
3822,146839039.6
3823,75559410.74
3824,67417194.84
3825,97981868.97
3826,54568762.49
3827,203012421.08
3828,159612844.67
3829,105102401.76
3831,267353949.22
3832,98196199.72
3833,120047899.9
3834,99468665.74
3835,60901611.68
3836,91804142.56
3837,64029112.16
3838,74304456.53
3839,50391993.67
3840,59917056.77
3841,121285661.13
3842,82146583.11
3846,94583817.56
3847,50788155.05
3848,139933398.67
3849,86028647.33
3850,181050070.2
3851,138573878.43
3852,57096058.34
3853,132261353.66
3854,54602347.91
3855,101331361.84
3856,101189951.15
3857,104935697.98
3858,42212113.94
3860,52492829.51
3861,64946749.56
3862,41044230.1
3863,121425484.44
3864,198547073.85
3865,51398294.54
3866,63255378.43
3867,48672175.54
3868,99229744.35
3869,42863161.78
3870,85608784.29
3871,139033729.62
3872,89962266.11
3873,68650522.52
3874,94892466.29
3875,56429642.66
3877,74979302.32
3878,93933997.45
3879,71147209.21
3880,150450439.19
3881,86878672.17
3882,80282426.12
3883,60200441.4
3884,87175248.82
3885,57857753.32
3886,25952983.73
3887,123346449.87
3888,97362057.1
3889,71949089.01
3890,55356090.52
3891,66496651.74
3892,160298371.43
3893,113729632.63
3894,63973511.32
3895,87522816.94
3896,89706091.68
3897,64066089.63
3898,421085960.03
3899,80020834.41
3900,40687458.9
3901,75613869.56
3902,198371973.02
3903,98338147.57
3904,74785981.23
3905,82363349.04
3906,81971747.91
3907,86510347.02
3908,194696597.27
3909,70304800.22
3910,110056032.29
3912,102750458.26
3913,80371047.21
3914,83193047.51
3916,77658832.67
3917,316259171.08
3918,60613892.78
3919,66996802.32
3920,49237922.78
3921,54503164.67
3922,56187703.61
3923,75738714.86
3924,85204187.47
3925,70913408.66
3926,83069198.22
3927,133444173.47
3928,84830100.6
3930,54218401.3
3931,79436726.3
3932,54297237.15
3933,67426749.54
3934,269058214.56
3935,104655599.3
3936,81665640.45
3937,62641592.49
3940,87107550.34
3941,61452604.21
3942,61517204.99
3943,101972373.18
3944,71312901.5
3945,116583771.85
3946,82111830.98
3948,221094353.92
3949,77431615.15
3950,75214533.2
3951,243501141.13
3952,81787291.47
3953,75895261.68
3955,84896842.24
3956,110106315.63
3957,76354269.12
3959,135295121.32
3960,63017766.78
3961,110315175.35
3962,64770730.17
3963,59742068.74
3965,125008936.59
3966,71079725.13
3967,119994432.19
3968,99216108.2
3969,122799330.19
3973,141929761.95
3975,66443007.21
3976,169064760.44
3977,84994229.56
3978,76577079.33
3980,99763866.59
3982,114678448.32
3983,113451441.14
3984,64362096.47
3985,74519794.2
3986,77979201.35
3987,99166968.9
3989,101664334.33
3990,73981484.92
3991,109888057.92
3992,135490212.01
3993,74983562.76
3994,135134980.42
3995,47401012.02
3996,215334963.23
3997,81782130.67
3998,109980483.74
3999,51390107.48
4001,102235144.32
4002,102723449.67
4003,48323292.24
4004,165109939.34
4005,72819127.32
4006,102337151.3
4007,55102566.87
4008,114803003.12
4009,64388246.84
4010,226807061.08
4012,62748188.97
4013,87536429.0
4014,116551020.88
4016,53350227.15
4017,48818326.92
4018,74115490.68
4019,143987040.3
4020,151076792.58
4021,110265973.63
4022,159886534.16
4023,79634404.7
4024,131471381.73
4025,53127880.78
4026,66691403.68
4027,96871809.06
4028,69152248.74
4029,77291852.31
4030,58767508.2
4031,43026863.68
4032,94551886.33
4033,104002244.28
4034,107984304.7
4035,315306873.42
4036,53684600.11
4037,92924044.64
4038,81951683.09
4039,155050928.7
4040,107478216.42
4042,57714473.94
4043,225404440.61
4046,74753110.41
4047,98202935.27
4049,203798282.86
4050,269666860.9
4051,102283242.42
4052,54039451.08
4053,68117375.77
4055,45956970.55
4057,100666680.09
4058,90969640.89
4059,54785725.2
4060,105328187.58
4061,73961565.17
4062,90392006.08
4063,49443854.84
4064,47395631.76
4065,43039598.29
4067,113104746.06
4068,100668355.8
4069,80503089.27
4070,290024159.46
4071,65438579.66
4072,64292624.38
4073,103940505.09
4074,65828466.75
4075,43070588.5
4076,129143971.75
4077,94229572.96
4079,149653011.44
4080,60684781.64
4081,42883421.44
4082,198017182.3
4083,133423939.45
4084,92782017.59
4085,79787261.15
4086,103982327.68
4087,267264656.28
4088,115050093.03
4089,59719802.93
4090,118404571.28
4091,128333369.3
4092,42858814.29
4093,37794093.3
4094,66182812.3
4095,80596071.98
4096,111594912.25
4097,103891233.54
4098,84956318.37
4099,176425994.97
4100,77014059.55
4102,115155001.93
4103,66962683.96
4104,48934669.44
4105,127912923.29
4107,95169325.48
4108,75022366.12
4109,78687122.42
4110,39308811.46
4111,37817890.61
4112,131473545.3
4113,61498616.39
4114,154074606.73
4115,62932054.39
4116,78963585.86
4117,232137302.68
4118,89459160.13
4119,67456135.63
4120,212141026.61
4121,119014111.18
4122,102910834.28
4123,69089285.87
4124,103650555.51
4125,255564654.85
4126,85538941.83
4127,63153846.82
4128,63861723.08
4129,57974656.47
4131,114629175.66
4132,82799688.25
4133,76035850.43
4134,82757054.22
4135,63455037.53
4136,89962629.13
4137,284702369.69
4138,81509595.93
4139,191804815.59
4140,56162487.83
4143,72165012.41
4144,53614176.12
4146,94281911.82
4147,136882034.35
4148,134535079.56
4149,58340919.9
4150,68524262.34
4151,87969635.8
4152,51759688.13
4153,54785105.89
4154,136393336.41
4155,97076147.81
4156,63482157.55
4157,68439601.03
4158,69687484.6
4159,195097248.91
4160,91750490.55
4161,58074971.0
4162,57351727.58
4163,106026153.77
4164,156811668.41
4165,67206582.39
4167,89884936.83
4168,65110299.23
4169,68903834.5
4170,160571202.45
4171,95011718.97
4172,99904221.32
4173,53696409.73
4174,75069348.18
4175,160509479.74
4176,85615404.42
4177,102693106.76
4178,71342839.62
4179,72220679.58
4181,102574336.62
4183,126234744.91
4184,58580620.18
4185,48040850.87
4186,75122716.14
4187,101972080.8
4188,66258940.08
4189,79247189.5
4190,84551753.57
4191,93316041.45
4193,128808524.38
4194,66387347.69
4195,69856303.82
4196,91298027.03
4197,128734649.13
4198,43755412.06
4201,94636585.37
4202,83622246.24
4203,47804236.55
4204,130003814.09
4205,77460410.76
4206,83524254.18
4207,51797376.82
4208,81788733.59
4209,61891544.07
4210,196077860.58
4211,162233823.97
4212,68667789.57
4213,75537181.38
4214,69726404.0
4215,77147093.98
4216,163219663.6
4218,105292332.81
4219,111350807.54
4220,81249609.12
4221,113525467.74
4222,130265987.5
4223,68109655.32
4225,126049361.01
4226,50535268.53
4228,70916304.03
4229,62699904.28
4230,96718863.56
4231,118140959.5
4232,98434035.5
4233,113986196.46
4234,78217222.0
4236,114124807.36
4237,97470824.81
4238,69200897.78
4239,112063156.18
4240,66157017.06
4241,50429615.63
4242,75341072.8
4243,121211261.49
4244,127882133.44
4245,61298617.31
4246,62073582.49
4248,78843292.5
4249,121217659.93
4250,249187580.73
4251,110919101.54
4252,118231863.75
4253,108412823.6
4254,173280227.42
4255,88014725.18
4256,97046410.61
4257,170247240.03
4259,76139263.67
4260,121438520.48
4261,34322890.71
4262,167605448.22
4263,75364551.09
4264,58425187.22
4265,80787041.57
4266,49709884.3
4267,109501475.56
4268,58934018.17
4269,146210432.17
4270,58215558.96
4271,81451235.55
4272,53355124.75
4273,48839453.8
4274,51966667.47
4275,85469150.49
4277,100504785.39
4278,117016156.3
4279,50528930.36
4280,96455171.14
4281,65680522.26
4282,241680421.74
4283,201668351.29
4284,93304014.14
4286,187773555.54
4287,216857773.78
4288,78788423.61
4289,74618398.19
4290,55701558.18
4291,58320740.2
4292,74839462.49
4293,74254423.56
4294,126096223.2
4295,116787095.1
4296,188011684.89
4297,99142334.58
4299,146836549.58
4300,86017527.39
4301,69194457.38
4302,300607900.58
4303,72804210.05
4304,85061280.99
4305,57025194.93
4306,143443917.68
4307,60853796.5
4311,124209237.41
4313,63514600.78
4314,93738732.74
4316,75764590.48
4317,109083347.98
4318,108973001.73
4319,108047091.59
4320,110521709.32
4321,92216916.72
4322,149983450.7
4323,44998409.67
4324,90804564.44
4325,38757942.18
4326,49174836.16
4327,269492524.38
4329,192134492.28
4330,179640024.32
4331,25767162.59
4332,98364388.41
4333,132880098.65
4334,52071101.77
4335,131963758.17
4336,129070701.18
4337,130316673.64
4339,48665865.06
4340,87839021.74
4341,45002216.83
4342,55725319.06
4343,184714452.27
4344,111620646.62
4345,151557993.39
4346,127952765.38
4347,34709141.4
4348,118184669.9
4349,257898149.69
4350,65267149.88
4351,52913977.32
4353,65340718.71
4355,70624348.19
4357,83770190.37
4358,138184412.21
4359,91664417.07
4360,76265620.22
4361,147804219.11
4362,114138833.88
4364,96429436.18
4366,69608735.85
4367,115658660.05
4368,58283852.11
4369,107730575.08
4370,135260699.21
4371,70466154.51
4372,46880902.3
4373,39481308.42
4374,84861603.79
4375,102379447.94
4377,192748014.57
4378,163569419.27
4379,75854134.08
4380,80632314.92
4382,65990893.53
4383,103978890.63
4384,166934649.23
4385,49282803.41
4386,77738633.54
4388,213546287.19
4389,60374791.67
4391,178122276.94
4394,42345172.15
4396,99094314.86
4397,116122071.35
4400,173736028.98
4401,63418209.48
4402,67134231.93
4403,121869788.15
4404,98927622.16
4405,219822385.16
4406,96855289.12
4407,65219877.97
4408,85341098.0
4409,67932471.53
4411,111964367.95
4412,106474028.23
4413,50380897.23
4414,47847688.75
4415,89340751.79
4416,103100541.54
4417,66802603.99
4419,155831959.05
4420,118634204.16
4421,181112787.35
4422,61038301.53
4425,95666199.38
4426,83100511.71
4427,69451855.16
4428,218449288.17
4429,176875939.92
4430,72335495.63
4431,74523852.1
4432,84625124.76
4433,202728619.2
4434,161029404.33
4435,50095582.8
4437,170102492.59
4438,92257581.58
4439,104490074.4
4440,140494073.27
4441,72504291.9
4443,87438252.57
4444,62072774.26
4445,48805292.25
4446,84100288.23
4449,97054814.62
4450,59582737.01
4451,210369022.39
4452,57174626.69
4453,66088085.67
4454,56894285.97
4455,138749547.08
4457,110500438.35
4458,85155924.47
4459,86451096.72
4460,61871831.17
4461,171125988.74
4462,68980365.84
4463,223027772.1
4464,74915111.03
4465,64926244.2
4467,87385239.43
4468,330299806.72
4469,225356782.34
4470,225637608.25
4472,149405730.24
4473,132773943.98
4474,90600744.32
4475,81919278.43
4477,107403525.14
4478,74660414.77
4479,247367589.03
4480,96235537.77
4481,67624296.32
4483,100766029.92
4484,65343842.41
4485,229907036.74
4486,99584080.41
4487,42074165.38
4488,43843084.47
4490,99651338.79
4491,126366104.5
4492,94346785.5
4494,52824544.62
4495,124367599.3
4496,236746670.51
4497,166124451.21
4498,56136117.76
4501,114757635.27
4502,87432951.76
4503,44725449.63
4504,44665263.24
4505,65448314.79
4506,81892877.57
4507,104451952.95
4508,218290837.34
4509,159468090.04
4510,92857461.38
4511,69724096.2
4512,72732217.44
4513,107710079.76
4514,53586171.28
4515,127791980.85
4516,93764359.71
4517,198832770.01
4518,56799399.16
4520,142071951.73
4521,63983292.2
4522,91733842.62
4523,62019412.14
4524,82827145.96
4525,56344283.09
4526,82415372.44
4527,68591776.1
4528,65914969.87
4529,73180904.44
4530,66721907.97
4531,81059782.01
4532,45730262.23
4533,159352974.22
4534,187344497.67
4535,79730463.14
4536,84790500.99
4537,77125472.42
4538,247463800.97
4539,203751123.75
4540,59942510.97
4541,75533232.91
4542,40931965.78
4543,82292156.7
4544,55653513.98
4545,35628030.71
4546,47534385.82
4547,189538069.59
4548,62412143.05
4549,129253350.99
4550,212390424.32
4551,181561985.39
4552,102880505.15
4553,243460234.72
4554,113147081.73
4558,70654076.91
4559,167985780.55
4560,130178828.84
4561,105608420.28
4562,101280566.25
4563,265476403.64
4565,96283984.5
4566,112684889.05
4567,103269607.25
4568,85711137.2
4569,129294521.69
4570,310583896.8
4571,216667310.77
4573,205442048.59
4574,154584307.32
4575,65329377.4
4576,77579832.43
4577,45227473.98
4578,150715729.16
4579,172250567.07
4580,87527664.43
4581,202378361.26
4582,146363569.88
4583,80662066.24
4584,113192850.35
4585,96181722.05
4586,107634253.12
4587,112543139.74
4588,75560083.84
4589,65566003.0
4590,34836225.76
4591,134919499.03
4592,95509787.68
4593,113895116.52
4595,63386255.68
4596,71176052.43
4597,134749865.35
4598,67277670.45
4599,251311609.66
4601,62491653.5
4602,117463374.03
4604,79632331.01
4605,70480673.13
4606,247203968.36
4607,31715440.54
4608,109022729.02
4609,66437399.76
4610,111505017.65
4611,133899663.53
4613,62754745.95
4615,283461996.27
4616,81896362.62
4617,81414166.78
4618,199292324.09
4619,120747925.07
4620,194535382.81
4621,67168411.98
4622,179193799.92
4623,95380097.41
4626,102271010.3
4627,69533942.97
4629,77723410.7
4630,104187166.11
4631,93790127.09
4632,121371729.18
4633,241450005.34
4634,94162920.01
4635,74961770.01
4636,76451559.96
4637,71807649.59
4638,78012416.43
4640,158161168.58
4641,86262492.4
4642,38151315.22
4643,203803427.63
4644,53688991.31
4645,96164631.42
4646,134583971.14
4647,105761539.04
4648,66469144.2
4649,66059870.35
4650,185593312.62
4652,111277009.09
4653,59879391.76
4654,66389917.59
4655,156161281.02
4656,135149059.57
4657,65805977.0
4658,79517213.24
4659,67600600.54
4661,119141405.23
4662,75857861.24
4664,65616347.47
4666,194928227.74
4667,24072583.21
4668,71796315.1
4670,84844725.05
4671,91090535.15
4672,55848068.47
4673,183208330.78
4674,114135082.95
4675,103017753.67
4676,52673817.31
4677,83865709.7
4678,146216235.31
4679,49595904.49
4680,69755916.81
4681,73040426.92
4682,220852761.38
4683,77149886.42
4684,176306638.6
4685,75462174.82
4686,58691222.36
4687,146731557.2
4688,67271052.1
4690,108528686.05
4692,55888407.45
4693,160847850.39
4694,53099269.49
4696,170380461.03
4698,75618247.78
4700,72600990.93
4701,49402409.18
4702,75256220.95
4703,140051343.1
4704,213069758.62
4706,101110017.41
4707,243443109.62
4708,96753512.87
4709,123624102.63
4710,83287998.24
4712,100319528.9
4713,51173124.48
4714,161902265.52
4716,236440701.87
4717,75485077.34
4718,134231463.77
4719,83525746.46
4720,89085139.18
4721,84057399.02
4722,66980721.67
4723,163509094.5
4724,78957817.35
4725,75011655.11
4726,331752729.47
4727,70999691.08
4729,103631466.4
4730,74790774.01
4732,148358683.73
4734,86007352.19
4735,74798527.41
4736,46381321.22
4738,47958857.14
4739,83471304.77
4740,123945908.67
4741,55707562.84
4742,53464755.28
4743,231256141.55
4744,111545864.63
4745,86690434.48
4746,40155133.95
4747,68742112.7
4748,76936453.93
4749,79028726.45
4750,76274807.85
4752,109490860.58
4753,153583241.1
4755,78890328.19
4756,99928817.55
4757,58605519.26
4758,154920580.25
4760,38088300.34
4762,75737340.13
4763,66150892.32
4764,120006615.38
4765,190973901.28
4767,102867068.03
4768,48268613.91
4769,172579443.78
4770,64854809.65
4771,57896703.64
4772,82352931.99
4773,53701394.93
4774,323498220.96
4776,100561615.12
4777,79474050.24
4778,67372625.39
4779,136057208.93
4780,89076351.75
4781,111176058.54
4782,61324217.11
4783,111972522.53
4784,87247721.02
4785,45727355.78
4786,46215644.98
4787,142452589.9
4788,111381374.84
4789,160451267.91
4790,60292020.54
4791,69919532.81
4792,37588731.35
4793,190461366.44
4794,182033734.71
4795,59161604.7
4796,76003846.39
4797,69613845.84
4798,151110972.45
4799,70353082.61
4801,88694609.28
4802,82649169.3
4803,143494409.32
4804,40145903.76
4805,113826689.13
4806,72045551.94
4807,194601957.91
4808,98344126.32
4809,174125091.44
4812,90475817.46
4813,78442600.71
4814,67889915.66
4816,125250406.32
4817,51354937.77
4819,86230474.61
4820,133445669.12
4821,111170711.48
4822,77528816.22
4823,68945990.36
4824,194573888.8
4826,56146777.24
4827,81992885.81
4828,196432913.66
4829,135146958.73
4830,69740008.45
4831,49011269.69
4832,70770403.75
4834,253858376.75
4835,312377012.12
4836,136080551.39
4837,92233397.98
4838,147348534.36
4839,196945837.77
4840,62244367.95
4841,156213523.72
4842,143473786.35
4843,181241898.94
4844,70209903.47
4846,59358407.26
4847,150611426.07
4848,69145773.26
4849,145514880.93
4850,111931041.31
4851,64925571.55
4853,94371792.62
4854,172904224.88
4855,67586318.33
4856,90697330.95
4857,74813976.79
4858,54241249.33
4859,92077441.85
4860,88061174.07
4861,56948106.83
4863,68150925.53
4864,80908367.38
4865,51879586.08
4866,65350522.82
4868,61133780.39
4869,134750451.05
4870,114773843.91
4871,70325388.0
4872,125695399.96
4873,140349609.08
4874,113321376.05
4875,147690141.38
4876,95561407.66
4877,103789635.18
4878,71598907.28
4879,101675887.34
4880,91876658.58
4883,55765200.28
4884,133388911.73
4885,133293292.62
4886,50056495.58
4888,49894963.78
4889,188003483.93
4890,164977597.69
4891,126237825.16
4892,89308530.1
4893,85309022.51
4894,79025098.8
4895,137535908.9
4896,51288677.32
4897,103634474.35
4898,75618640.33
4899,50983204.81
4901,147880887.63
4902,103541506.05
4903,402915627.71
4904,61711794.64
4906,116157040.48
4908,68323706.96
4909,118496795.61
4910,46755787.34
4911,110239102.15
4912,95978249.82
4914,101144422.32
4915,67865546.19
4916,70192195.86
4917,125408075.68
4918,170318879.71
4920,83292430.34
4921,118524916.73
4922,72078533.56
4923,113465490.17
4924,85021627.64
4925,94545018.18
4926,66595356.95
4927,74445216.65
4928,376892541.21
4929,118484352.42
4931,20748009.5
4932,70509185.17
4933,44871493.87
4934,118562077.23
4935,111700157.49
4936,52359815.77
4938,59493757.52
4939,97092576.18
4940,119058777.94
4942,158790045.08
4943,177618493.67
4944,82240047.38
4946,53927469.27
4947,62380804.45
4948,61037860.73
4952,166371549.82
4954,90945664.81
4955,92135442.33
4956,93175398.06
4957,117123717.93
4958,83329877.06
4959,122445114.81
4961,85228785.23
4962,112960457.33
4963,58810971.53
4964,51264536.26
4965,96882103.05
4966,138740503.62
4967,109769986.07
4968,158514375.08
4969,74518442.48
4970,69355188.44
4971,75687761.65
4973,114618402.92
4974,68499778.48
4975,49456145.2
4977,253223595.71
4978,132970200.83
4981,90836900.83
4982,65445139.38
4983,44898044.27
4984,77311713.95
4985,89438890.95
4986,91211216.3
4987,57664987.15
4988,96651630.34
4990,68323533.44
4991,68826919.62
4994,52390964.96
4995,112180054.03
4997,127913275.74
4998,80998527.59
4999,64582736.47
5000,193517882.29
5001,79087710.5
5002,69511705.46
5003,311388863.53
5004,71009459.32
5007,57990761.3
5008,82685484.03
5009,61141820.69
5010,118054106.92
5011,50240371.13
5012,56218299.24
5013,48892049.14
5014,151689013.81
5015,148835626.33
5016,152229222.17
5018,95692716.51
5020,57268866.72
5021,88955200.72
5022,54255502.46
5023,62380197.91
5024,102195616.77
5025,36349723.8
5026,150247343.32
5027,66425174.4
5028,86708252.11
5029,45585140.92
5032,120334522.72
5033,133510716.01
5034,64258799.22
5035,52909111.08
5036,97508551.35
5037,138565321.59
5039,151437336.64
5040,56728383.53
5041,82068293.43
5042,89890294.54
5043,159900254.52
5044,97503234.73
5045,54125847.68
5046,67853345.44
5047,156207407.46
5048,134023848.77
5049,53122081.35
5050,83533615.42
5051,75166640.76
5054,64106412.77
5055,81802927.36
5056,60157278.38
5057,60994316.88
5058,82828842.05
5059,140275351.43
5060,127650160.36
5061,88439488.72
5062,156803865.58
5063,63495100.55
5064,61481690.35
5065,91006488.58
5066,178985845.07
5067,131190329.39
5068,120125162.53
5069,90583716.02
5070,160263838.3
5071,48590333.1
5072,103955925.93
5073,35580979.67
5075,86921092.05
5076,222711756.89
5077,129656061.85
5078,106539236.2
5079,121583248.97
5081,95457627.45
5082,91126096.34
5083,210690266.72
5084,62751725.55
5085,65949772.4
5086,65522871.19
5087,147397282.94
5088,73245136.17
5089,304502623.69
5090,63109709.11
5091,108712589.61
5093,75185077.67
5094,122101554.97
5095,77538675.03
5096,116124526.38
5097,220045704.3
5098,174705622.44
5099,53495791.82
5100,257539124.63
5101,50861827.51
5102,85659986.72
5103,49739241.13
5104,89491456.31
5105,42238097.4
5106,125788521.21
5107,93944711.77
5108,66139570.22
5109,102319711.66
5110,100637144.85
5111,106786205.5
5112,107173072.53
5113,81537128.01
5115,355282990.23
5116,105655007.99
5117,233645090.78
5118,97272978.55
5119,66287903.8
5120,141182708.96
5121,104995903.38
5122,137261918.08
5123,63714037.15
5124,85846070.36
5125,60734968.22
5126,70102378.0
5127,159907527.58
5128,66866305.23
5129,72341760.52
5130,43707643.7
5131,43148926.37
5132,109485053.53
5133,111008790.57
5134,85235145.35
5135,238732241.42
5137,51373664.28
5138,40688680.62
5139,108548762.6
5140,103061807.26
5141,161636846.5
5142,88524017.0
5143,66511174.16
5144,65507546.37
5146,75924566.08
5147,66488400.35
5148,41072351.53
5149,107772588.07
5150,67717895.56
5151,129900439.43
5153,58927184.27
5154,89626967.78
5155,97694234.57
5156,89929223.53
5157,107965137.69
5158,55637502.8
5159,50413937.97
5160,70412749.34
5161,117294119.69
5162,172816729.64
5163,122597948.63
5164,234164068.32
5166,65712246.55
5167,102728724.61
5168,93634260.87
5169,157216125.34
5170,94691154.56
5171,134533980.63
5172,92523779.14
5173,167619225.2
5175,85047301.67
5176,73283874.85
5177,446671517.04
5178,139195835.0
5179,140552580.81
5180,146506956.05
5181,129419398.58
5182,161164984.91
5183,57823074.94
5184,98385916.89
5185,49638455.99
5186,81829688.39
5187,60239824.31
5188,185860751.99
5189,52873790.9
5190,53119899.35
5191,158410524.73
5192,101571274.97
5193,177108238.48
5194,81502203.28
5195,87644398.01
5197,98935468.2
5198,437705977.87
5199,49053618.8
5200,62708927.62
5201,64779266.89
5202,71440129.45
5203,73594751.05
5204,77298675.64
5205,98293542.08
5208,61918491.96
5209,78582274.75
5210,104741335.38
5211,66865250.14
5212,191516697.29
5213,293295665.77
5214,49356603.02
5216,310168008.77
5219,53203043.59
5220,114568144.73
5223,82961086.7
5224,219892122.3
5225,69378931.05
5226,180527810.54
5227,110298705.6
5228,129991862.6
5229,77389630.88
5230,58668595.22
5231,119474350.83
5232,50911109.48
5233,187906884.53
5235,52386430.28
5236,268628706.24
5237,78242807.08
5238,56373220.1
5239,75752545.74
5241,98023998.97
5244,98381805.07
5245,69107626.75
5247,92934207.7
5248,80275580.89
5249,128662128.42
5250,79205860.46
5252,74218126.37
5253,86484892.88
5254,216953164.44
5255,95479865.21
5256,69834859.01
5257,63590138.32
5259,166288410.36
5260,124870599.49
5261,76458100.41
5262,74596614.52
5263,41496123.1
5264,171641639.0
5265,121521175.87
5266,66234970.35
5267,83591016.26
5268,73580241.18
5270,86179959.1
5271,132343641.04
5272,96711927.63
5273,129377660.7
5275,90357070.08
5276,130947188.23
5278,105608683.16
5279,166043062.01
5280,66592394.41
5281,145436739.95
5282,226092714.61
5283,53754394.09
5284,50711360.84
5285,59374146.41
5286,97954814.61
5287,151672590.4
5288,69257649.07
5289,96026654.25
5290,109987373.21
5291,51353337.04
5292,199785770.99
5293,108428753.61
5294,70156931.94
5295,65384619.01
5296,74664170.16
5297,142379013.42
5298,63112048.4
5299,101791502.04
5300,122374228.04
5301,61147342.46
5302,105152543.57
5303,51525840.74
5304,41994802.71
5305,148584478.15
5306,155058986.31
5307,44896596.01
5308,94628950.99
5309,77828655.42
5311,83230385.23
5312,98876218.72
5314,147016609.91
5315,77942756.74
5316,110708165.75
5317,208431077.52
5318,117458023.3
5319,76023348.02
5320,43168531.32
5321,69784433.57
5322,29522045.59
5323,56925264.5
5324,59190061.22
5325,87350495.35
5326,85561974.57
5327,186790424.36
5328,76895286.8
5329,109987230.25
5330,197577356.73
5331,204191963.05
5333,76089414.95
5334,225619943.93
5335,236745528.7
5336,97468964.28
5337,91061532.32
5338,83591640.46
5339,67785738.18
5340,84489673.99
5341,48433464.25
5342,69668080.36
5343,173385324.69
5344,336268613.41
5346,192986571.23
5347,161312557.31
5348,105603949.78
5349,150588737.06
5351,116414536.73
5353,68676310.69
5354,58096969.11
5355,324965336.38
5356,84018329.83
5357,80913798.46
5358,75785974.8
5359,136303454.86
5360,145139489.17
5361,83212422.97
5363,99287173.05
5364,95025536.03
5365,141010220.54
5366,102150740.86
5367,47476360.39
5368,84103890.98
5369,126578574.8
5370,66685471.13
5371,109814711.88
5372,230958867.86
5373,61332152.31
5375,102877066.23
5376,61867930.87
5377,47901675.32
5378,78723331.91
5379,121781770.69
5380,52092806.32
5381,53274786.02
5382,31062649.29
5383,62587811.8
5384,93233790.56
5385,191320596.07
5386,72915599.41
5387,367950560.65
5388,144722340.13
5389,179843874.13
5390,143679405.82
5392,75397131.85
5393,105376534.43
5394,82129282.03
5396,122133062.24
5397,89065951.73
5398,99356180.86
5399,133282500.64
5400,131166581.76
5401,212589223.89
5402,227313125.04
5403,115753163.74
5404,105365598.02
5405,87613020.77
5406,96631041.38
5407,144536341.91
5408,56688952.78
5409,124475353.13
5411,160731214.44
5412,84331787.97
5413,61316848.42
5414,94320091.47
5415,76583697.96
5416,98082893.75
5417,42455880.84
5418,91155621.71
5419,46859668.96
5420,119077948.66
5422,115843502.34
5423,152604826.57
5424,63753896.05
5425,295291338.26
5426,105075943.98
5427,117254821.55
5428,43542126.09
5430,92377274.25
5431,116943342.49
5432,77215078.31
5433,52784366.83
5434,87398415.51
5435,55561447.65
5436,110825334.64
5437,51147421.07
5438,48650989.57
5440,97061559.03
5442,122680848.03
5443,157455558.38
5445,62589326.71
5447,53313980.38
5448,116950020.44
5449,143667147.49
5450,106726389.84
5451,85647678.87
5452,154538187.57
5453,221294056.36
5454,154890101.58
5455,60923577.56
5456,161819769.4
5457,110888260.63
5458,112217856.11
5459,108783509.34
5460,83536865.38
5461,83627024.99
5462,56218939.39
5463,112120870.97
5465,100131173.42
5466,34778170.4
5467,56042978.6
5469,74891474.77
5470,58573941.81
5471,91288034.09
5472,88087867.63
5473,164778621.73
5474,83397349.11
5475,125250523.84
5476,70107273.65
5477,88524808.6
5478,108691555.57
5479,105091460.76
5480,122830207.62
5481,141532078.85
5482,86766707.42
5483,75302778.56
5484,49420978.51
5485,100228576.59
5486,176764837.81
5487,152774459.69
5488,116548714.19
5489,96066366.39
5490,139808741.87
5491,90926412.92
5492,49289325.61
5494,106477873.53
5495,150677829.1
5496,56522302.02
5497,64953941.55
5498,57027600.15
5499,76231987.14
5500,76944550.85
5501,142002601.7
5502,94205142.58
5503,133937134.41
5504,100643077.23
5505,88784298.36
5506,74504763.67
5509,48737035.93
5511,90640734.98
5512,60191939.68
5514,118344865.21
5515,73731350.17
5516,100346324.82
5518,45924889.67
5519,80757412.84
5521,58784437.86
5522,102535812.33
5523,78545375.56
5524,119139068.3
5525,74033834.32
5526,163461488.89
5527,61357254.46
5528,98811433.38
5532,115827900.45
5533,94782219.57
5534,67052847.73
5535,46766652.13
5537,112530044.42
5538,69172151.52
5539,85492573.38
5540,62071183.14
5541,63394123.36
5545,53490026.52
5546,85698029.34
5547,125702816.09
5548,88258157.13
5549,179412455.87
5550,153709480.36
5552,55229477.87
5553,111749473.42
5554,114959207.28
5555,42473066.92
5556,76471325.31
5557,45676517.43
5558,137354826.95
5559,143932011.38
5560,127262203.27
5561,41536690.92
5562,147697465.21
5563,106110754.5
5564,50838043.5
5566,145310387.37
5567,55248891.58
5568,63502958.87
5569,74480309.67
5570,99373800.35
5571,52920210.03
5573,45433883.21
5574,80619009.29
5576,81009249.14
5577,70604621.98
5578,65383960.58
5579,81707967.35
5580,73358530.55
5581,70380647.71
5583,109776041.36
5585,65118729.34
5586,41050677.92
5587,106406524.93
5588,62428051.32
5589,363127272.81
5590,58906691.65
5591,38373570.68
5594,149605325.31
5595,136814368.63
5596,61474435.2
5597,172644157.92
5599,71283387.93
5600,155690237.65
5601,51523741.21
5602,50970834.08
5603,99881086.02
5604,84125544.47
5605,59603406.29
5606,88627230.13
5607,87318204.38
5608,100788987.51
5609,95131313.98
5611,97159589.92
5612,98956702.83
5614,215031229.17
5615,53132946.67
5616,90953032.47
5617,69269389.44
5618,63380902.37
5619,85587494.04
5620,93303360.79
5621,81161298.36
5622,97781243.01
5624,127317498.01
5625,90076651.95
5626,142048859.53
5627,69064115.76
5628,117718624.71
5629,81238674.17
5631,51487280.72
5632,55030349.28
5633,88005214.98
5635,142083790.09
5636,62270109.81
5637,138114764.98
5638,224769441.24
5639,164251567.86
5640,50281558.17
5641,149262950.85
5642,57120115.96
5643,37898401.4
5646,103236611.72
5647,410156274.96
5648,201000235.24
5649,122582991.18
5650,108250667.95
5652,73873733.12
5653,213376951.64
5654,47830376.2
5655,106488904.12
5656,73990000.03
5657,73593630.23
5658,58872632.3
5660,55752952.24
5661,392100476.24
5662,101789022.71
5663,74766994.45
5664,63499878.24
5667,97693612.45
5668,288080602.56
5669,306107500.05
5670,105764128.37
5671,57899567.16
5677,78103455.48
5679,50616035.55
5681,67592447.52
5682,231773465.09
5683,45487247.55
5684,63687021.19
5685,214579102.1
5686,186589691.28
5687,62630674.5
5689,94272170.54
5690,116759136.1
5691,94310655.01
5692,62424501.82
5693,73048275.05
5695,171570991.38
5696,102229277.27
5697,53470666.35
5698,135296495.39
5699,57105375.31
5700,108147931.48
5701,114775895.4
5702,100848668.0
5703,248485720.18
5704,88041195.24
5705,125596702.36
5706,104636388.68
5707,42097093.02
5708,103066791.45
5710,54800576.54
5711,114088313.67
5712,111076779.84
5713,89185362.08
5714,86406312.07
5716,66378402.16
5717,48809495.02
5718,95249841.24
5719,80615529.93
5720,67217373.55
5721,96289890.13
5722,54633452.05
5723,100201001.56
5724,82995524.69
5725,93282092.17
5726,97537275.01
5727,129955311.93
5728,114006253.29
5730,99766551.18
5731,95284772.78
5732,173430074.38
5733,104354509.1
5734,129067382.12
5735,115929600.02
5737,97888037.32
5738,193624472.57
5739,114904658.47
5741,58443817.71
5742,353571563.01
5743,98690147.89
5744,54030402.48
5745,66332705.52
5746,135948260.4
5748,276883281.16
5749,69328933.21
5750,77578548.59
5751,100090766.42
5752,151225277.74
5753,80909267.14
5754,106977087.56
5756,421860459.77
5757,204143747.26
5758,52895929.73
5759,91922606.17
5760,97850221.8
5761,50593973.32
5762,40430666.9
5763,65635092.13
5765,59227241.5
5766,99127736.0
5767,131895571.83
5768,72986172.57
5769,63768005.77
5771,66208064.29
5772,88515410.28
5773,77462674.99
5774,96541535.01
5775,128885564.71
5776,77521157.14
5777,79443961.25
5778,103608475.79
5779,187558755.62
5780,48704664.92
5781,49371309.61
5782,50505365.55
5783,175945491.02
5784,108973913.57
5785,66202696.95
5786,53690762.75
5788,77924087.65
5789,64420713.43
5790,133916385.62
5792,82406986.52
5793,84873101.81
5794,53825972.45
5795,131208054.38
5796,92839447.13
5797,85560818.13
5798,110418676.9
5799,108182963.54
5800,102672693.05
5801,56961492.41
5802,96145710.83
5804,123073624.42
5805,100715948.07
5806,101443876.84
5807,117817100.7
5808,62317272.88
5809,89822834.73
5810,84453352.58
5811,44792432.04
5812,172678069.56
5813,78320913.61
5814,149934634.06
5815,90545694.48
5816,85364099.49
5817,284520852.53
5818,74242882.38
5819,68809702.09
5822,70788263.13
5824,267225373.11
5826,67620909.6
5827,121416980.85
5828,53862562.5
5829,97895448.6
5830,54404595.47
5831,93314580.57
5832,94570293.08
5833,297329382.61
5834,108016603.6
5835,70881293.63
5836,63625950.96
5837,77472019.6
5838,367124884.02
5840,41248653.08
5841,135330165.82
5842,87454804.35
5843,55805945.84
5844,47926058.6
5845,268853799.63
5846,68769106.85
5847,62976498.82
5848,113205023.22
5849,114905435.18
5850,255836095.34
5851,92744765.29
5852,59638949.12
5853,85316641.0
5854,182012295.68
5855,106832247.15
5856,88869413.24
5857,138987406.94
5858,86543527.24
5859,73118413.3
5860,49771679.49
5861,54490292.96
5862,77648162.94
5863,65935489.0
5864,96196219.1
5865,65290393.75
5866,88798340.05
5867,85658818.04
5868,60362604.03
5869,65670563.49
5870,51053378.13
5871,86910679.86
5872,138116205.99
5873,125097329.8
5874,64922846.0
5876,195276211.4
5877,56945917.42
5878,65632002.8
5880,403199501.82
5881,76996698.75
5882,73517802.77
5883,100428059.41
5884,534121959.26
5885,68101071.31
5886,97360478.98
5887,31410003.18
5889,111952358.85
5890,57382680.71
5892,70424530.91
5893,140328522.0
5894,64687046.82
5897,150018254.74
5898,96250916.64
5900,132156583.21
5901,138935347.28
5902,162493518.2
5904,99379122.61
5905,124835306.08
5906,204474214.31
5907,71252302.82
5910,43697532.0
5911,185085604.28
5912,51592728.08
5913,83013302.92
5914,88082979.13
5915,121233797.52
5916,210109755.89
5917,94848987.06
5918,63813624.13
5919,298137335.79
5920,77835221.93
5921,64211247.94
5923,112236965.29
5924,113375922.13
5925,86269830.86
5926,213535326.68
5927,88686931.91
5929,108927275.18
5930,228825326.11
5931,94528850.99
5932,88732521.25
5934,72692004.68
5935,84365172.71
5936,220626979.55
5937,86975553.58
5938,62872765.01
5939,262018265.58
5940,122737804.44
5941,69900863.79
5942,128307177.93
5943,104101333.4
5944,103164747.16
5945,65995460.77
5946,76019049.56
5947,65735482.33
5948,71752446.48
5949,188985097.01
5950,106142587.94
5951,52649817.27
5953,66815590.85
5956,94763093.28
5957,97074034.27
5958,233018311.13
5959,115542962.31
5960,37818297.47
5961,107064718.47
5962,55892341.16
5963,98696209.08
5964,300699434.03
5965,49260184.99
5966,66925127.11
5967,132448075.45
5968,100782084.94
5969,82989421.2
5970,77475385.9
5971,79443892.85
5972,84839157.81
5973,70326881.68
5974,104515123.08
5975,125153357.76
5976,127912437.05
5977,172065713.3
5978,99208156.6
5979,59090786.58
5980,146187009.41
5981,120436759.0
5982,140619828.31
5983,80784697.02
5985,248819271.79
5986,141109974.87
5987,156500569.2
5988,128457405.29
5989,174784901.87
5990,61498634.77
5991,37192361.35
5992,105401531.73
5993,91363015.44
5994,113826530.8
5995,55493238.42
5996,156929809.67
5997,202237286.52
5999,96522228.0
6000,126130412.7
6001,99760060.93
6002,107061630.85
6003,65321520.49
6005,85239435.94
6006,89019002.32
6007,73482605.2
6008,78027000.44
6009,231480366.05
6010,76283443.03
6011,55740834.89
6012,190067379.49
6013,119057988.55
6014,84205742.8
6015,66327250.51
6016,150160376.94
6019,60163164.93
6020,180642437.02
6021,118084244.62
6022,48252697.52
6023,95103878.21
6024,68207375.3
6026,82421680.24
6027,205667480.83
6028,357240281.67
6029,64394997.91
6030,213283447.3
6031,93405471.72
6033,45706203.67
6034,84417885.36
6035,117358531.38
6036,73108412.78
6037,103549203.64
6038,92810863.12
6039,116228983.28
6040,82851420.76
6041,70881234.51
6042,85881624.81
6043,94313254.86
6044,70212524.95
6045,113598972.77
6048,86683063.55
6049,90399760.54
6050,58693376.69
6051,54495175.74
6052,221114958.46
6053,81924591.77
6054,170905632.66
6055,152933172.25
6056,195577159.92
6057,90850734.68
6058,70040922.22
6059,126490178.27
6061,63640247.43
6062,161280848.3
6063,130538140.63
6064,93315880.42
6066,65781923.6
6068,240505818.01
6069,54218374.74
6070,95344394.83
6071,62679477.73
6073,26623954.47
6074,83003460.83
6075,115378741.43
6076,72093533.73
6077,42650983.0
6078,131642218.53
6079,71514062.35
6080,41783035.4
6081,122305753.36
6082,108626998.36
6083,64286374.15
6084,74014277.23
6086,77102099.64
6087,125753696.89
6088,62423378.41
6089,161759387.06
6090,286665220.38
6091,65638685.02
6092,108524839.48
6094,140962780.93
6096,51206535.53
6097,74178297.37
6098,59748510.69
6099,81123715.36
6100,137942755.09
6101,118580492.45
6102,163652631.23
6103,80480945.44
6104,248987605.55
6105,68227516.34
6106,47849226.64
6107,351541733.85
6108,99519156.81
6109,134490734.14
6110,61101757.3
6111,67336925.02
6112,81631088.23
6113,101285946.66
6114,118704129.78
6115,83165488.01
6116,54511640.27
6117,93473585.07
6118,37680345.87
6119,102315145.33
6120,68982079.83
6121,93348144.92
6122,31018444.62
6123,93767965.73
6124,93626345.59
6126,117671700.15
6127,180426014.45
6128,73092696.07
6129,84806245.36
6131,47835426.22
6133,115111866.76
6135,73900527.24
6136,145302195.64
6137,64243108.51
6138,97292164.13
6140,70996513.25
6141,82406811.42
6142,170295260.43
6143,41108441.31
6144,113952926.4
6145,55050104.19
6146,188120426.57
6147,85253323.73
6148,141749843.39
6149,42738983.69
6150,69943139.11
6151,47297863.61
6152,141377781.27
6154,69202394.01
6155,55089794.13
6156,302342156.41
6157,185603829.02
6159,63652361.34
6161,60064209.48
6163,69165303.89
6164,108937708.05
6165,93190699.18
6166,81155845.19
6167,77720364.92
6168,181698616.61
6169,78916493.19
6170,84149775.96
6171,102278958.52
6172,80683700.05
6173,164575580.99
6174,43890346.93
6175,80847303.37
6177,317979741.52
6179,46222482.97
6180,64095689.92
6181,71757394.16
6182,135129332.66
6183,112287916.88
6184,76755995.6
6185,126489664.57
6186,116452103.98
6187,69061050.35
6188,235475640.59
6189,94038292.99
6190,66564853.98
6192,84438736.5
6193,84401487.63
6194,70450491.27
6195,62727166.12
6196,107432431.23
6197,197818849.58
6198,83709725.12
6199,74002243.36
6200,79487513.19
6203,113443161.93
6204,82931277.26
6205,130428463.92
6206,187120692.75
6207,74361008.71
6208,71884388.6
6209,54684544.75
6210,82617181.54
6211,107739486.32
6212,84182220.72
6213,53381399.21
6215,101499595.64
6216,113606703.64
6218,66843287.53
6219,86290601.66
6220,124364504.71
6221,59106147.01
6222,165278006.46
6223,246559524.23
6224,91611557.63
6225,186967346.83
6226,232881899.6
6227,92302573.17
6228,123213350.22
6229,53298468.48
6230,95055517.26
6231,43423814.14
6232,73002467.9
6233,78605422.33
6234,88566613.46
6235,140466005.03
6236,112307962.65
6237,54280853.15
6238,164316208.89
6239,85055339.97
6240,80822632.87
6241,70033810.25
6242,230677732.33
6243,43957291.63
6244,83390406.28
6245,124151777.76
6246,87843210.81
6247,74732848.76
6248,92833015.51
6249,104303224.75
6250,48146816.06
6251,94895137.77
6252,116255445.24
6253,212270770.81
6254,101347975.51
6255,83652828.98
6256,166679471.02
6257,323571583.39
6258,123174226.09
6259,137729286.75
6260,68585694.18
6261,43093417.94
6262,117090313.88
6263,60329176.94
6264,81995844.43
6265,112334710.95
6266,192233688.91
6267,45604705.22
6268,331635484.51
6269,58380227.62
6270,89396596.39
6271,64601422.69
6272,47457038.84
6273,114892249.18
6275,69782526.06
6276,57576568.84
6277,125883456.95
6278,64113372.65
6279,161658661.83
6280,54912777.29
6281,65818804.09
6282,218983954.28
6283,90479535.23
6284,58815302.97
6285,85608961.15
6286,73150385.98
6290,181879365.65
6291,84632486.7
6292,173951610.88
6293,74689299.59
6294,57299910.03
6295,98308329.7
6296,58259235.33
6297,150287537.11
6300,117574236.23
6301,74519958.12
6302,90974677.34
6303,53040321.77
6304,91137042.79
6305,46116636.78
6306,359436937.65
6307,115194142.32
6308,108852700.94
6310,82490938.05
6312,106025982.42
6313,50904833.01
6314,46004422.91
6315,80283130.87
6316,79700998.65
6318,60398919.11
6319,67217036.74
6320,190687086.32
6321,60848563.53
6323,43179009.88
6324,81473282.12
6325,77400359.43
6326,84662026.65
6327,51598248.69
6328,79908989.77
6329,78141210.87
6330,97950407.77
6331,159225024.31
6333,90027232.19
6334,180970795.57
6335,69645394.39
6336,63145792.82
6337,74732220.01
6338,82535920.72
6339,60956673.27
6340,115051705.97
6341,61054193.9
6342,56247373.42
6343,122628963.94
6344,151774827.17
6345,58142257.22
6346,38410534.42
6347,64718364.54
6349,74704881.87
6350,215988493.63
6351,103991821.23
6352,52853079.12
6353,66296877.31
6354,162600935.53
6356,110686205.71
6359,69751351.85
6361,171338443.2
6362,108806448.17
6363,92358894.79
6364,65970895.12
6365,64520306.5
6366,69371840.65
6367,97276568.16
6368,93114226.89
6369,104956146.26
6370,165152623.12
6372,67975469.08
6373,43419291.1
6374,59955187.29
6375,56848683.06
6376,113840387.9
6377,79681761.57
6379,117761259.31
6380,73904691.26
6381,147970534.03
6382,77403448.77
6383,103108731.7
6384,81236568.8
6385,39414870.46
6386,138308311.86
6387,159494988.09
6388,101609697.72
6389,123621644.04
6390,114274677.43
6391,48060141.73
6392,104974465.44
6393,80349985.72
6394,156282063.32
6395,31173843.53
6398,44063048.12
6399,95049057.16
6402,79513529.51
6403,94582858.29
6404,98002953.59
6405,122026317.27
6406,62314900.2
6407,50244377.74
6408,78592131.65
6409,60511262.53
6410,75346053.5
6411,62203748.07
6413,81916673.37
6414,248734664.34
6415,62023772.22
6417,215145668.75
6418,64822734.12
6419,61245846.4
6420,88537029.49
6421,313539770.74
6422,49014302.58
6423,75761306.33
6424,72593134.45
6425,121652527.24
6426,130653675.65
6427,109485078.16
6428,48166959.32
6431,60829816.87
6432,37424361.27
6433,99660601.36
6435,58534651.38
6436,90115676.51
6437,125415569.36
6441,86112304.47
6442,83701072.4
6443,113086697.94
6444,142868302.87
6445,79040214.69
6446,88908813.05
6447,54665248.08
6448,110433930.71
6449,230725788.81
6450,109039921.12
6452,80885918.88
6453,112573422.67
6454,95886271.06
6457,39098148.42
6458,163284480.55
6459,50665437.76
6460,43541611.61
6461,162426206.84
6462,92334955.51
6463,146785255.05
6465,84102598.49
6466,81897447.57
6467,60274839.56
6468,72851395.37
6469,103092553.01
6470,89476300.0
6472,117425980.2
6473,90595447.85
6475,93642321.97
6476,125738367.03
6477,49095369.8
6478,140898362.97
6479,94701134.83
6480,142219350.92
6481,67861892.29
6485,84365037.06
6486,153581320.34
6487,64725528.97
6488,236291746.34
6489,74299140.98
6490,63167214.5
6491,126872391.33
6493,179394947.54
6494,58279831.54
6495,53857777.96
6496,50285047.74
6497,95920883.89
6498,39860684.73
6499,142211713.34
6500,75707671.04
6501,81639097.79
6502,134309175.44
6504,37132991.12
6506,58506801.68
6507,101466547.16
6509,63957540.09
6510,82092743.28
6512,115647126.78
6513,122173300.32
6514,112657411.47
6515,75894676.58
6516,71890191.98
6517,65927564.02
6518,44469952.01
6519,269702619.09
6521,113098222.36
6522,53614357.55
6523,69794573.39
6524,291658687.05
6525,55391603.79
6526,56925475.9
6527,85496447.19
6528,114232339.25
6530,75581683.54
6531,71909297.65
6532,103226633.92
6533,29526106.57
6534,267156494.06
6535,55679540.99
6537,62812121.26
6538,83833993.71
6539,240256865.66
6540,72619476.14
6541,81260075.61
6542,104148910.33
6543,70942420.97
6544,146369693.29
6546,78044419.23
6547,192206422.66
6548,191412182.84
6549,72960990.18
6550,69343246.47
6551,77114722.34
6552,242433881.27
6553,73838055.95
6554,62027908.83
6556,73750140.53
6557,136611010.13
6558,113064606.55
6559,162352653.88
6560,68897745.83
6561,81259846.88
6562,55052457.48
6564,112625653.2
6565,64169082.98
6567,86372956.77
6568,90769348.44
6569,146075262.71
6570,104787145.1
6571,64002775.31
6573,60352904.39
6574,109361140.33
6575,85445021.71
6576,85937766.47
6577,120733294.89
6578,69957286.55
6579,47979985.04
6580,80021275.72
6581,42095788.83
6583,95498813.77
6584,109104513.82
6585,95101626.32
6586,43494645.59
6587,62142010.65
6588,137297010.82
6589,281810585.34
6591,123116867.37
6592,75519656.46
6594,113453041.95
6595,54090379.07
6596,257595427.91
6597,88871653.32
6598,151488465.72
6599,68342446.27
6600,90700240.6
6602,83559231.82
6603,55596363.45
6604,95631772.93
6605,182438635.19
6606,98499338.61
6607,181085771.56
6608,83849768.19
6609,117176154.33
6610,142176196.83
6611,42920374.47
6614,52707591.82
6615,144790383.88
6616,112424398.37
6617,89904149.05
6618,95612771.66
6619,91838358.52
6620,73230736.66
6621,123292562.08
6622,98178613.17
6623,114369545.27
6624,200026748.94
6625,96595217.38
6626,124282604.03
6627,145733851.44
6628,99097784.72
6629,57687198.78
6631,236299267.86
6632,125702181.05
6636,63639601.52
6637,119810352.79
6638,98558869.17
6639,59574542.49
6640,108257622.09
6641,114563903.23
6642,74317964.99
6643,156691816.43
6644,71890379.33
6645,57086320.21
6647,64027529.65
6648,79822462.18
6649,92392285.44
6650,59092749.49
6651,47630671.04
6652,43502548.93
6653,36671278.81
6655,78720114.95
6656,236180709.61
6657,67002676.5
6658,106206135.36
6659,201427564.81
6660,55661747.3
6661,53348912.68
6662,93663463.08
6663,101849819.09
6664,74184590.93
6665,90119623.97
6666,127639711.38
6667,88208280.67
6668,89628051.78
6669,96133674.44
6670,99441060.79
6671,49415010.94
6672,52630963.91
6673,515339633.08
6674,86917269.24
6677,107490239.69
6678,101234594.55
6679,48877701.79
6680,72437821.97
6681,204161970.11
6682,126138861.51
6683,124832622.32
6685,118085872.24
6686,187306052.12
6687,109969446.8
6688,80912753.97
6689,70205479.05
6690,65430970.6
6691,359834191.76
6692,94190329.04
6693,54379852.73
6694,52197847.76
6695,202236915.35
6696,214142871.08
6697,74014347.86
6700,93515772.04
6701,60516131.52
6702,40090451.76
6703,114973230.73
6704,156795097.8
6706,84547210.65
6707,73195347.71
6708,178697352.9
6709,45340605.42
6713,175858197.9
6714,106638249.4
6715,64251113.05
6716,51116635.26
6717,67156824.27
6718,126152842.91
6719,156194641.04
6720,124764102.55
6721,77417195.07
6722,56108424.63
6723,126416262.18
6724,240758143.15
6725,71271739.82
6726,138364657.22
6727,49377026.97
6728,74220522.1
6729,45856426.82
6730,100852539.59
6731,241023739.12
6732,236312721.89
6733,239583830.62
6734,50230850.74
6735,37875258.7
6736,115541935.03
6737,181892371.85
6738,88473902.25
6739,44241349.95
6740,76098314.34
6742,85923079.62
6743,245418900.67
6744,64501616.56
6745,150621378.03
6746,172911290.01
6747,64668532.23
6748,132915729.39
6749,63893766.44
6750,63824239.08
6752,115351029.27
6753,114704887.41
6754,37704347.04
6755,59425587.34
6756,48987662.94
6757,66686127.37
6758,55736501.36
6760,85546136.72
6761,75718624.65
6762,85098263.38
6763,60370026.85
6765,108755568.1
6766,136659948.98
6768,94196227.53
6769,98200951.42
6771,80869061.78
6772,45910170.92
6773,66843689.38
6774,172157548.87
6775,62041481.35
6776,59193980.03
6777,58437884.24
6778,70670796.17
6779,60671163.61
6780,62803402.65
6781,65170584.39
6782,172590904.08
6783,155860612.39
6784,303329706.93
6785,66185886.08
6787,129654108.36
6788,51115571.2
6789,132850179.07
6791,148442147.4
6792,50162830.97
6793,180127034.64
6794,186111296.97
6795,38446199.39
6796,71611540.14
6797,206791592.28
6798,125309795.92
6799,120432403.53
6800,344170348.88
6801,62823648.67
6802,54350873.13
6803,86348131.36
6804,103524399.29
6805,111957653.3
6806,33934390.26
6807,86520061.2
6808,135517846.1
6809,119233680.25
6811,89997427.64
6812,116800870.52
6813,73825776.42
6815,66522475.89
6817,268244490.55
6818,161583614.49
6819,57824587.07
6820,167035867.55
6821,59399866.46
6823,93079542.9
6824,98415957.84
6825,106608628.46
6826,47509695.34
6828,115099134.08
6830,75559014.91
6831,83901800.64
6832,67589295.22
6833,93624499.92
6834,166196561.78
6835,108860297.3
6837,207423849.59
6838,99463962.86
6839,139344613.55
6840,101291472.22
6841,52440855.45
6842,98886663.27
6843,67924754.82
6844,91721187.86
6845,67275912.25
6846,79804552.11
6847,72486666.99
6848,63571578.5
6850,146819812.0
6851,51363628.73
6852,110369797.26
6853,84885513.62
6854,87088666.58
6855,31456375.16
6856,99893311.72
6857,274359298.81
6858,106298426.23
6859,111538363.07
6860,117800720.6
6861,96241031.08
6862,237564198.69
6863,93045261.37
6864,84891276.41
6865,60165712.44
6866,100895055.43
6867,130030136.95
6869,239245691.74
6871,114386225.38
6874,146633128.35
6875,39550376.12
6876,40416164.55
6879,93924932.76
6880,85347260.8
6881,76457055.95
6882,97708603.62
6883,235183764.07
6884,60123283.73
6885,100920320.3
6886,78753261.64
6887,101533273.13
6888,72693475.09
6889,69831081.04
6890,80379900.3
6892,119382890.88
6893,82922814.1
6894,75150582.17
6895,88051873.7
6896,89161459.05
6897,74981174.8
6898,76270938.56
6900,100538936.04
6901,137722563.2
6902,67051231.81
6903,104264641.33
6904,100634640.43
6905,208698276.72
6906,136543540.04
6908,236740235.59
6910,52152135.46
6911,92740506.82
6913,166458149.59
6914,54967873.97
6915,111388042.76
6916,80080112.37
6918,87462626.22
6919,113940723.39
6920,41212319.65
6921,58059080.6
6924,60372882.23
6925,164638821.55
6926,35104831.3
6927,115254595.25
6928,45709128.22
6929,75347179.65
6930,65934586.68
6932,75171038.79
6933,191476589.06
6934,191201968.79
6935,158647705.84
6936,57352822.71
6937,149788459.28
6938,84546585.82
6939,147588382.91
6941,129195526.35
6942,107840541.43
6944,56664780.74
6945,59435369.47
6946,49784197.08
6948,39504640.98
6949,141447817.33
6950,61965733.35
6951,138781966.76
6953,146067991.39
6956,93561124.31
6957,107501584.61
6958,105050427.56
6959,56157376.39
6960,71683411.85
6962,85952710.06
6963,63790085.44
6964,82023972.08
6966,63812526.17
6967,112632277.07
6968,200583300.17
6969,110835465.15
6970,80679713.78
6971,74910529.68
6972,75448701.95
6973,73508096.66
6974,51933305.35
6975,191447452.54
6976,60110044.87
6977,62499692.39
6979,111339554.05
6980,100310254.31
6981,86671739.11
6982,57546296.78
6983,188794152.12
6984,63143107.06
6985,72477554.95
6986,46533085.91
6987,127438740.33
6988,57639737.15
6989,107695474.16
6992,68119360.59
6993,75360220.36
6995,83735905.46
6996,98558150.5
6997,77200650.88
6998,63531881.28
7000,83860538.6
7001,125651995.25
7003,81348476.73
7004,68379919.07
7005,102583921.22
7006,116240837.94
7007,70554828.97
7008,64098962.42
7009,82964109.37
7010,87736913.56
7011,70108496.36
7012,38530630.98
7013,335492987.86
7014,46994018.81
7015,61256952.33
7016,55230529.95
7017,53266536.72
7018,81175331.78
7019,97960367.37
7020,107901153.7
7021,66473929.37
7022,56169713.91
7023,126221948.76
7024,91797238.49
7025,133403338.98
7027,92408653.99
7028,186326178.91
7031,112889925.82
7032,75691283.87
7033,68066434.43
7034,66754461.34
7035,76840612.45
7038,95319652.65
7039,62094109.86
7040,42990055.36
7041,124844164.17
7042,92041420.17
7043,102902011.17
7044,73797668.82
7045,148188684.25
7047,134488662.2
7048,73352313.73
7049,105558706.75
7050,130487251.05
7051,96657522.74
7052,71378101.74
7053,160518985.36
7054,88741237.63
7055,69542270.01
7056,116798235.55
7057,85119705.32
7058,79649342.04
7059,82567954.09
7060,69505717.63
7061,90819744.6
7062,68937459.28
7063,52270489.75
7065,258358736.0
7066,238119307.93
7067,185220458.13
7068,56147659.85
7069,162933371.01
7070,51420158.77
7071,81117696.02
7072,206262030.46
7073,166335046.54
7074,82479611.89
7075,89200948.65
7076,123443780.41
7077,64378661.49
7078,95963065.73
7079,69939230.1
7080,79864585.55
7081,71834751.81
7082,92359849.95
7083,185423671.15
7084,77182691.71
7085,134023245.79
7088,60426944.28
7089,174565969.33
7090,126232976.91
7091,138322436.1
7092,103535029.11
7093,49789365.18
7094,74528695.64
7095,59457312.16
7096,66116454.71
7097,129070176.5
7098,138441215.12
7099,114169554.93
7100,87021830.6
7101,83340389.79
7102,98572172.71
7103,88546450.61
7105,108253631.05
7106,67619549.31
7107,100169826.29
7108,89865670.15
7110,67806850.42
7111,69517510.95
7112,90437898.69
7113,112401642.43
7114,45922399.55
7115,97793886.81
7117,75882997.56
7118,83074052.44
7119,76803733.05
7121,104188108.73
7122,83113403.05
7123,96383588.93
7124,140440146.98
7125,93812680.59
7126,132692361.5
7127,90190754.51
7128,194574168.92
7129,67698697.17
7130,65839072.97
7131,157387750.15
7132,65502422.45
7133,78418814.57
7134,133153612.04
7135,50862350.99
7136,115280621.39
7137,51385636.3
7139,109282442.01
7141,57723915.25
7142,137458111.35
7143,210053925.76
7144,87864693.38
7145,87595150.86
7146,59397300.17
7147,66587661.38
7148,68746619.67
7149,93335953.73
7150,65388215.62
7151,115399670.49
7152,86947336.28
7153,91216628.62
7154,91452129.31
7155,121807704.22
7156,106576110.4
7158,70014748.88
7161,66694809.19
7162,62392611.75
7163,94927484.92
7164,161357807.91
7165,72292914.95
7166,217567763.52
7167,80751767.38
7168,42260488.29
7169,167571028.06
7170,56221948.04
7171,203855007.76
7172,46442254.05
7173,58322577.24
7174,107248302.28
7175,166702774.45
7176,194403014.79
7177,47792563.15
7178,115251405.74
7179,80233801.03
7182,85481853.65
7184,81802557.21
7185,71274660.18
7186,38435246.36
7187,55928133.2
7188,64343986.02
7189,55589001.74
7191,97679969.46
7193,104382853.2
7194,87968248.55
7195,57054420.95
7196,127546567.9
7197,47009928.43
7199,63286722.07
7200,85164970.57
7201,49663953.54
7202,104544007.4
7203,130663335.34
7204,72514162.25
7205,139913638.41
7206,61251051.64
7207,90628349.37
7208,68805552.36
7209,162840857.56
7210,99547138.77
7211,93316471.61
7212,81287830.47
7214,102512798.51
7215,87766543.21
7216,149172063.42
7217,171778254.75
7219,147571906.37
7221,163964146.56
7223,82972339.46
7224,77320299.14
7225,183099617.78
7226,35489721.04
7227,144632681.26
7228,50959963.41
7229,111906255.68
7230,85107176.62
7231,68026640.86
7232,84470568.07
7233,49376973.07
7236,89843993.95
7238,68479076.55
7239,60563905.42
7240,78548003.63
7242,96537489.41
7244,119207123.88
7245,57993582.74
7247,63600715.95
7248,80446312.94
7249,77566458.1
7250,62901138.41
7251,60378987.57
7252,71557370.35
7253,47988997.15
7254,120549716.55
7255,84225842.34
7256,116089842.94
7257,98357415.09
7258,194371553.2
7260,327396751.18
7261,224814082.89
7263,121726546.92
7264,69191764.51
7265,150171968.89
7266,165268831.1
7267,137284021.28
7268,65401619.85
7270,118702588.98
7271,53168602.5
7273,69523373.0
7274,94199260.89
7275,214723307.57
7276,151965016.9
7277,131390814.5
7278,191465846.89
7280,30270133.25
7282,107301280.43
7284,82920001.76
7285,81325245.0
7287,135594466.18
7288,74423427.18
7289,94732420.61
7290,85937427.59
7291,45414388.43
7292,66304742.19
7293,60885915.55
7294,54407876.46
7295,106256377.41
7296,88835672.48
7297,51046756.75
7298,199983679.56
7299,182776922.32
7300,289929801.89
7301,178300595.25
7303,77897586.86
7304,73586835.87
7305,131543725.26
7307,199838110.95
7309,86011791.03
7310,70586284.22
7311,111907281.18
7312,105371313.5
7313,107325814.51
7315,62192287.3
7316,111925620.57
7317,75641386.93
7318,83947936.55
7319,95716434.31
7320,128297161.21
7321,76102584.32
7322,105198721.77
7323,105929508.98
7324,69709221.09
7325,117200902.04
7326,196619423.41
7327,67832576.42
7328,124770918.82
7329,45709200.65
7330,88862088.04
7331,117029600.88
7333,66494090.96
7334,49729720.33
7335,331919270.42
7337,69184615.51
7338,55775121.23
7339,106741900.52
7341,65898345.23
7342,88669474.96
7343,90913633.05
7344,72786349.02
7346,200933080.56
7347,241940505.56
7348,107059372.3
7349,206607035.24
7350,96944202.43
7352,248042887.11
7353,50655284.41
7354,109778604.66
7355,59522485.24
7357,45367053.56
7358,125397195.07
7359,81678749.27
7361,52085439.72
7362,71817283.71
7364,73520147.8
7366,75437361.37
7367,69306011.91
7368,80059954.64
7369,75710845.37
7371,162544228.3
7372,104381084.5
7373,87597945.33
7374,136406424.72
7377,89748279.14
7378,72630503.29
7379,69306545.46
7380,56765289.81
7381,210694993.3
7382,70441870.94
7383,77398730.72
7384,85732639.11
7385,84589360.29
7386,55532176.89
7387,66583949.1
7388,54019999.53
7389,146091350.26
7390,97450302.09
7391,97916774.44
7392,73622335.73
7393,87120458.22
7394,130613881.17
7395,88131510.78
7396,55454625.41
7397,122486921.96
7398,148916712.61
7399,68159432.49
7400,120657326.67
7401,110322062.97
7402,109614721.55
7403,75225526.17
7404,104251821.3
7405,74443662.11
7406,268480072.21
7407,61029270.99
7408,77871608.56
7409,140588217.37
7410,115330230.5
7411,69146983.22
7412,42182117.71
7413,81749726.9
7414,138266464.45
7415,81663295.79
7416,46857737.89
7417,55392229.66
7418,99738788.98
7419,57276232.8
7420,96693918.96
7421,49517107.16
7425,75746810.86
7426,79706570.78
7427,81127709.73
7428,66116456.06
7429,67943844.59
7430,108473084.06
7432,217646902.5
7433,60068998.12
7434,87589474.14
7435,66599666.47
7438,100618542.22
7439,163077235.41
7442,67989561.04
7443,155984794.23
7445,76532209.75
7446,107708834.55
7447,77218035.63
7451,61079650.76
7452,52509694.78
7453,101865392.18
7454,64441306.02
7455,184477425.67
7456,102272170.52
7457,98461595.09
7458,78350318.5
7460,74071305.13
7461,75821799.72
7462,77417995.11
7463,239499401.55
7466,86692750.53
7467,106058106.7
7468,129367868.28
7469,49442439.12
7471,65967687.96
7472,215194505.01
7473,152107336.21
7474,76140100.04
7475,42101800.69
7476,68552429.99
7478,45965131.3
7480,172177696.06
7482,97554369.6
7483,101521402.44
7485,113614537.73
7486,92042177.73
7487,98761163.46
7489,208602139.33
7490,161524347.95
7491,39751264.23
7492,31780207.06
7493,77400142.48
7494,60391875.24
7495,100580505.99
7496,112140593.71
7497,57242183.46
7498,59699038.78
7499,94368220.9
7500,85723009.92
7501,116141863.07
7502,108806329.24
7503,174186282.13
7504,241876838.83
7505,53794903.39
7506,133899312.96
7507,40081972.62
7509,78966429.93
7510,119488848.49
7511,175637089.64
7513,111852458.89
7516,67019230.55
7517,81901365.95
7519,77380532.2
7520,100731196.02
7521,69056410.03
7522,89597318.57
7523,146979524.07
7524,103841087.35
7525,156868696.56
7526,56402659.67
7527,65733161.4
7528,79976666.78
7529,276582707.99
7530,129402955.66
7531,58571719.7
7532,101900533.43
7533,57736056.38
7534,123859895.72
7535,45023365.16
7536,81896524.87
7537,33405605.48
7539,99438065.87
7540,113111189.09
7541,57235414.9
7542,41046757.05
7543,77911268.27
7544,44528383.27
7545,75680135.73
7546,73596918.68
7548,147210728.51
7549,91681898.32
7550,296508548.46
7551,73292885.53
7552,58323241.73
7553,34642863.92
7554,71746104.78
7555,77514725.77
7556,127876469.25
7557,73562498.02
7558,160341427.35
7559,48092617.85
7560,71793033.68
7561,108088826.5
7562,60920491.56
7563,41794544.07
7564,193969078.75
7565,97160680.26
7566,80806036.27
7567,153229934.31
7568,58847111.79
7569,92867292.17
7570,70306644.01
7571,105333421.87
7572,140162871.56
7573,141105967.07
7574,63611470.52
7575,99440179.72
7576,49770754.74
7577,89454032.87
7578,183875418.86
7579,199227562.74
7582,127989991.2
7583,43294202.61
7584,103727809.77
7585,30298155.95
7586,90670173.12
7587,51143722.96
7588,68844502.87
7589,174504393.93
7591,94755177.89
7592,105141113.12
7593,69249321.66
7594,53334381.31
7595,95850963.57
7596,92322409.29
7597,88808035.7
7598,75957032.17
7600,72303294.87
7601,170505365.1
7602,62113026.94
7603,139089039.64
7604,61935989.43
7605,61640521.32
7606,74205322.92
7607,85454888.29
7610,84555649.0
7611,76772520.96
7612,137982428.87
7613,109625135.84
7614,132830740.08
7615,129847296.01
7616,55119828.71
7617,91040514.67
7618,48193293.65
7621,59074170.96
7622,228682033.95
7623,97971440.84
7624,45048418.6
7625,98420328.34
7627,142722333.13
7632,49877065.9
7633,72116354.09
7634,41598374.87
7635,88530143.51
7636,188663787.03
7637,111485120.21
7638,89927894.89
7639,62958657.95
7640,52893699.16
7641,128292729.01
7642,45436592.44
7644,190204493.36
7646,64340092.59
7647,89675886.3
7648,233483807.76
7649,170606232.62
7650,135379176.86
7651,89000734.17
7652,86910186.51
7653,44013253.22
7654,162779781.02
7655,118040458.79
7656,48399053.14
7657,138783325.47
7658,79171418.05
7659,55558843.57
7660,130996787.44
7661,124969473.35
7662,64678008.43
7663,86726441.85
7664,83797462.15
7665,75913376.94
7666,95872678.83
7667,94513953.0
7668,50752837.12
7669,89636312.5
7670,157466316.23
7671,58478498.44
7672,52688068.35
7674,114525398.93
7675,160272121.42
7676,50481157.64
7677,104946510.79
7678,114277118.83
7679,81579332.77
7680,69476629.84
7681,69705883.36
7682,99050282.97
7683,80911505.0
7684,40670613.32
7686,67090440.6
7688,90311008.06
7689,128340503.45
7690,82466742.73
7692,51049357.19
7693,64018177.45
7694,184060563.17
7695,92790832.49
7696,67858115.49
7697,71623222.34
7698,67720122.69
7701,118803791.21
7702,38984469.11
7703,45693411.6
7704,105969519.82
7705,86384057.75
7708,67469568.81
7709,230384118.13
7710,53660446.49
7711,74626367.06
7713,95959502.8
7714,242909444.03
7715,59198686.11
7716,44962891.31
7717,190907394.63
7718,62903182.29
7719,134027289.71
7720,50799399.66
7721,55048565.61
7722,67564533.29
7723,51511465.19
7724,133302537.38
7726,61257539.38
7728,77019818.76
7729,116005811.16
7730,70847308.96
7731,69625041.8
7732,56530003.81
7733,34296393.96
7734,48662015.4
7735,100443028.48
7736,119948375.66
7737,60381787.2
7739,161167099.49
7740,217226830.64
7741,212197538.68
7742,41645199.45
7743,86442420.19
7744,129144140.51
7745,63395489.87
7746,65487627.77
7747,67546119.37
7748,51324003.28
7749,95365839.75
7750,135472549.01
7751,77115685.24
7752,61067998.11
7753,61163614.27
7754,91615767.29
7755,88633339.65
7756,104032889.59
7757,79863271.35
7758,45768249.26
7760,32692063.77
7761,91966800.59
7762,65068549.56
7763,81446677.87
7764,143590978.26
7765,45713128.67
7766,65501505.06
7767,75026784.82
7768,126945088.59
7769,126805923.74
7770,72099253.33
7771,86324734.07
7772,49768754.62
7773,66862240.79
7774,59974381.79
7775,81676929.91
7776,269827534.2
7778,98754204.26
7779,89819356.48
7780,61463703.14
7781,112094180.52
7782,65246672.51
7783,148638988.01
7785,156829072.47
7786,217240440.78
7787,83533405.71
7788,147170133.34
7789,91278424.24
7790,96338749.26
7791,50097526.61
7792,70986576.8
7793,68409365.54
7795,149373238.39
7796,73877511.12
7797,54590803.84
7798,83603081.14
7799,128213523.14
7800,79114595.95
7802,74990291.57
7803,52972130.37
7804,105598216.19
7805,111327137.78
7806,118733813.6
7807,58533198.37
7809,305689100.21
7811,191385934.53
7812,52138291.73
7813,47720087.47
7814,84567243.6
7815,201442988.31
7816,71427562.35
7817,107873174.49
7818,54767213.8
7819,57145687.0
7820,86028401.85
7821,57269315.09
7822,91174729.48
7824,233168021.64
7825,97329815.96
7826,127600461.43
7827,92268080.87
7828,87611880.95
7829,92800864.78
7830,67500243.0
7831,86898962.83
7833,99886421.55
7834,164353980.06
7835,248246917.13
7836,106697493.6
7837,287555022.42
7838,41643197.44
7839,93523522.06
7840,154593884.51
7841,47795002.27
7842,150439515.92
7843,128912721.9
7844,208989083.01
7846,120631793.2
7847,97694294.22
7848,90097933.95
7849,63285446.9
7850,53157520.55
7851,70610157.96
7852,96133957.61
7853,44150466.15
7854,67360748.28
7855,60809051.29
7856,100311341.44
7858,118430279.31
7859,63380139.8
7861,62165740.33
7862,200276190.08
7863,41697534.46
7864,136479555.9
7865,86318983.41
7866,164799731.26
7867,77823208.47
7868,93778218.3
7869,103293496.52
7870,159793754.22
7872,59706522.9
7873,75543725.1
7874,157830298.77
7875,131451287.03
7876,146961371.7
7877,124324778.78
7878,62404716.36
7879,124574026.51
7880,44122398.16
7881,92417418.71
7882,80192808.44
7883,49498607.21
7884,84914472.41
7885,143149391.18
7886,228842990.95
7887,83549882.09
7888,124857496.89
7889,70357256.62
7890,82160423.61
7891,151668649.94
7892,99629936.45
7893,81769473.51
7894,56392522.75
7895,67599885.68
7897,62383644.72
7898,256446974.84
7899,63819995.28
7901,70524071.64
7902,113817900.9
7903,54448683.87
7906,50295845.58
7907,102126497.19
7908,88618634.35
7909,112299141.43
7911,95734800.53
7912,107219835.15
7913,57690664.54
7914,55313630.35
7915,66056160.03
7916,140761716.45
7917,114094370.18
7918,113090403.57
7919,96122483.11
7920,85072945.25
7921,97603998.58
7922,66790881.4
7923,513387903.52
7925,192367593.9
7927,148401938.93
7928,93024297.25
7929,96754708.02
7930,76380161.26
7931,204031772.22
7932,217330459.46
7934,251605998.43
7936,62594289.34
7937,58190204.45
7938,56043748.16
7939,57134157.0
7940,68204473.93
7941,75169655.17
7942,72744392.11
7943,64311917.04
7944,209521831.34
7945,178033525.99
7946,114087911.62
7947,63468368.13
7948,202094075.31
7949,99812452.42
7950,147354830.26
7951,52358563.02
7952,109562716.84
7953,57546707.34
7954,59195469.07
7955,63054298.7
7956,71449317.43
7957,70201203.56
7958,98915972.38
7959,78423498.59
7960,121724565.14
7961,122296436.13
7962,83004720.67
7963,62706148.72
7964,185934883.14
7965,47920264.87
7966,126046321.28
7967,241064482.62
7969,45933571.05
7970,95132857.63
7971,104912132.1
7972,96727168.87
7973,53157909.59
7975,90891955.49
7976,77691207.55
7978,138197815.86
7979,41383280.53
7980,76330745.38
7981,314121463.89
7982,91005968.61
7983,35614069.63
7985,214338585.89
7986,78531999.02
7987,152163066.48
7988,292725175.67
7989,76868752.59
7990,54623825.27
7991,70432448.19
7995,99913347.82
7996,101356740.29
7997,167389386.89
7998,178897874.69
7999,58911540.37
8001,75661164.2
8002,113974605.62
8003,52437811.28
8004,84953959.56
8006,103949943.65
8007,60101962.89
8008,87895122.94
8009,122165555.61
8010,84879270.25
8011,94752788.8
8012,144623541.22
8014,57948590.44
8015,81154349.35
8016,60478643.88
8017,48983172.98
8018,86272561.91
8019,65298961.21
8020,124033557.26
8021,82300069.08
8022,72961671.64
8023,57600946.67
8024,104133174.52
8025,67735132.71
8026,348062989.33
8028,140768175.04
8029,160333478.19
8030,218679818.14
8031,63035640.6
8032,69922989.9
8033,88187835.18
8034,118511619.08
8035,183077726.44
8036,244432079.46
8037,56621412.45
8038,151154559.57
8039,147628946.25
8041,119904366.96
8043,84969199.84
8045,110000177.1
8046,59985824.79
8047,55210607.73
8049,104924744.38
8050,67752107.39
8051,130644309.79
8052,71243375.87
8054,113140320.24
8055,105175957.33
8056,58433131.51
8058,244520589.16
8059,77139273.22
8060,91802699.95
8061,180463986.18
8062,71146203.89
8063,69240795.17
8064,136617958.36
8066,75687195.19
8067,63508276.87
8068,84898821.2
8069,220167101.69
8070,95817900.85
8071,95702422.03
8072,77944467.45
8073,87494530.36
8074,102875469.4
8075,88175009.47
8076,151339295.65
8077,94321672.66
8078,137710560.41
8079,67779498.4
8080,91628176.92
8081,85423824.03
8082,117206367.52
8083,99385653.36
8084,157099069.94
8085,62308964.35
8086,211654303.06
8088,91793842.84
8089,46343567.62
8090,151091430.01
8091,85979730.92
8092,86031718.49
8093,249561783.93
8094,199126791.62
8095,58573404.64
8096,113796356.45
8097,56927967.9
8098,62215410.29
8099,49653240.7
8100,58624832.52
8101,95368170.06
8102,73928934.75
8103,104947688.18
8104,76388957.14
8105,52054964.88
8106,126384223.14
8107,84421025.07
8108,75996216.96
8109,72219605.91
8110,105232663.09
8113,142578576.39
8114,61677350.51
8115,51014524.92
8116,190826956.59
8117,100465483.87
8118,78529469.75
8119,59663085.93
8120,90541899.21
8121,85212711.52
8122,127289677.11
8123,39158903.58
8124,150396270.05
8125,122296884.27
8126,142932671.23
8127,114084267.08
8128,113037822.39
8129,66464601.93
8130,85579870.45
8131,70204233.96
8132,71910710.84
8133,87405506.31
8134,53556946.54
8135,112374548.16
8136,111839189.23
8137,86272487.83
8139,137533727.27
8140,105284852.12
8141,184626675.27
8142,114241273.59
8143,60257834.94
8144,49710571.53
8145,75141163.2
8147,101328560.55
8149,62419847.9
8150,61892142.29
8152,44951930.18
8155,145475860.78
8156,114890358.22
8157,36861468.58
8158,94725824.99
8159,58943947.0
8161,90419163.98
8162,74766683.92
8163,129581494.27
8165,67419221.97
8166,157927924.62
8167,109463046.25
8168,216385715.95
8169,94280168.04
8170,221932394.64
8171,136714067.06
8173,71251699.42
8174,68722857.01
8175,89209530.99
8176,55481921.37
8177,66019044.84
8179,189470196.68
8180,82515940.72
8181,84990746.64
8182,101583969.85
8186,56074544.69
8187,184278101.57
8188,43753620.11
8190,98533313.24
8191,49003212.1
8192,71625081.41
8193,111897014.73
8194,93861913.87
8195,122942909.29
8196,289767479.84
8197,80973587.4
8198,134831095.22
8200,220488852.29
8201,157917285.13
8202,65984132.93
8203,142538473.57
8204,86558430.48
8205,72950107.57
8206,142633897.26
8207,119220442.53
8208,183624429.64
8209,181428970.19
8210,115632541.32
8211,75599364.29
8212,73992484.66
8213,65667618.5
8214,55481058.66
8215,68387194.18
8217,81100988.48
8218,77801100.43
8219,79787682.42
8220,156368011.83
8221,48870179.38
8222,100718813.06
8223,165327878.21
8225,78560921.89
8226,58099823.29
8227,82624529.28
8228,85479051.41
8229,65758007.92
8230,72920437.13
8231,85566205.43
8232,113059595.55
8233,51818336.32
8234,125231886.28
8235,75877787.1
8236,106503962.19
8237,73996628.25
8238,95587932.42
8240,53506140.73
8242,43832372.88
8243,85171803.68
8244,115244643.05
8246,58518567.66
8247,82715892.45
8248,76248096.96
8249,136847290.76
8250,108762773.36
8251,78636108.35
8252,168370124.17
8253,59915107.41
8254,101248009.98
8255,93146093.09
8256,80472103.08
8257,105503652.58
8258,149680601.49
8259,68110559.74
8260,97670271.54
8261,145818189.96
8262,45341687.05
8263,127081357.89
8264,73079942.73
8265,101626456.88
8266,102209402.83
8267,99730673.29
8268,103204931.7
8269,329179299.79
8270,119262904.83
8271,191760624.69
8272,179152329.54
8273,138193575.58
8274,138307877.11
8275,62416256.47
8276,113966985.37
8277,92898494.74
8278,204623798.63
8279,79153954.19
8280,86035803.31
8281,114078504.2
8282,38952337.8
8283,201737365.05
8284,208056300.35
8285,157177738.76
8286,62318595.69
8287,58842160.33
8288,171899426.02
8292,186861071.27
8293,176159786.79
8295,155993919.53
8296,93318522.34
8297,142361680.83
8298,90743557.44
8299,94719054.57
8301,291600837.43
8303,117780493.16
8304,68422432.49
8305,67795105.49
8306,62955977.63
8307,71436682.95
8308,85715688.34
8309,228773327.44
8310,65148717.72
8311,97758826.22
8312,77037436.44
8313,155424691.38
8314,71486846.66
8315,69366603.69
8316,92427194.62
8317,293774811.62
8318,43071309.69
8319,59452645.24
8320,117514487.7
8321,102381283.82
8322,197175944.54
8323,68004152.55
8324,62381818.89
8326,137666660.13
8327,208027800.32
8328,91438180.03
8329,81348552.88
8330,119681302.91
8331,100246362.64
8332,106613498.51
8333,156483910.16
8334,56723700.5
8335,122681848.17
8338,162536867.59
8339,85808096.41
8340,290196141.73
8342,75264525.05
8343,95342791.81
8344,58221770.47
8345,86116525.34
8346,66836683.08
8347,85171183.92
8348,97046530.67
8350,88791902.43
8351,121668671.17
8352,90295427.88
8353,156180873.77
8354,188820366.91
8355,210945689.2
8356,100083152.29
8358,99492399.32
8361,67023837.42
8362,46922454.74
8363,67636876.71
8364,127044183.28
8365,113791454.24
8366,57128389.79
8367,123266622.39
8368,68483258.27
8369,70458098.87
8370,181375976.37
8371,171478101.53
8372,70909701.12
8373,89938118.18
8374,141689437.86
8375,60142789.5
8376,92265532.79
8378,131108217.96
8380,56193790.29
8381,72919558.69
8382,79574257.72
8383,199790560.04
8384,74209945.92
8385,60925645.72
8386,104944559.41
8387,107679263.92
8388,73861860.79
8389,108927994.18
8390,124260853.32
8391,106897237.89
8392,104945858.87
8393,95647884.81
8394,209263079.17
8395,102221743.38
8396,87752903.57
8398,148852961.39
8399,77152622.04
8400,43299558.57
8401,246033409.78
8402,101555656.62
8403,82219343.74
8404,45414488.13
8405,141723966.65
8406,71466252.86
8408,62632559.15
8409,99770116.8
8410,141437059.11
8411,64819597.3
8412,64268080.56
8414,82560811.01
8415,62584311.93
8416,67875767.59
8417,320692639.73
8418,230129193.97
8419,73834143.2
8421,119493555.8
8422,47771928.55
8423,177934103.82
8424,135780855.78
8425,67401437.63
8426,52003142.78
8427,48473399.28
8428,122855293.99
8429,143067012.44
8430,64201941.9
8431,49613181.09
8433,94068770.76
8434,77606765.18
8435,75447615.42
8436,132237740.84
8437,130124228.28
8438,61753023.65
8440,210141425.15
8441,70089802.96
8442,51866064.99
8443,294390861.76
8444,70337252.27
8445,92472629.6
8446,70510433.0
8450,106042171.34
8452,48313337.07
8454,101599725.15
8456,69807481.0
8457,59337171.93
8458,67146999.38
8459,93870294.61
8460,77571805.28
8461,72364235.37
8462,130711225.38
8463,45627039.83
8464,90282310.58
8465,97442552.48
8466,64348040.48
8467,72048371.29
8468,73779067.88
8469,149020181.64
8470,140755799.25
8471,106137347.48
8472,141810007.89
8473,133839949.47
8474,59374199.77
8476,96262371.49
8477,50023710.71
8479,81997425.0
8480,59867262.28
8481,63833674.21
8482,136152698.1
8484,86925722.05
8485,75323857.33
8486,114571943.54
8488,125801001.24
8490,105484872.12
8491,336972366.61
8492,103237891.12
8493,95032564.66
8494,111396186.13
8496,59839240.45
8497,83974834.1
8498,68684823.36
8499,55910644.55
8500,113841233.1
8501,99522142.34
8502,90900642.9
8503,114130207.71
8504,130959765.68
8505,65931167.29
8506,262970897.01
8508,75155056.34
8509,46362948.5
8512,65279916.98
8514,50666929.79
8516,159732819.69
8517,91126372.86
8519,70266750.92
8520,139447009.74
8521,207591884.33
8522,121707150.18
8523,286184785.99
8524,70756808.88
8525,90607563.14
8526,168241218.44
8527,67302014.23
8528,173096186.57
8529,157423816.76
8530,70173917.44
8531,80928684.44
8533,133853820.92
8534,76745909.69
8535,206776766.22
8536,148480124.46
8537,64461732.18
8538,73940451.46
8539,91389606.61
8540,61856008.09
8541,109407329.0
8542,117314621.75
8543,119284836.89
8544,62743330.39
8545,62521028.99
8546,95377380.45
8547,48501285.3
8548,68868703.38
8549,34674535.59
8550,133126092.4
8551,120353864.97
8552,148314681.42
8553,62309194.49
8554,88457520.98
8556,183701641.49
8557,122787483.52
8558,98481036.46
8559,160674254.02
8560,73447777.08
8562,154432785.33
8563,146997190.17
8565,62253101.46
8566,138996904.13
8567,124908474.91
8568,71405706.12
8569,53304484.5
8570,56134862.64
8571,65344539.66
8572,82910292.07
8573,69431131.23
8574,65443032.96
8576,55663012.21
8578,136223878.04
8580,93049909.23
8581,85407553.81
8582,58257119.29
8583,85493402.44
8584,39900941.11
8585,86686300.13
8586,143732632.73
8587,92479273.02
8589,169511021.76
8590,85430021.34
8591,65838814.78
8592,89208779.02
8593,99477087.68
8594,94996452.84
8595,109369185.76
8596,75129685.66
8597,115306187.89
8598,53506594.22
8599,312956409.74
8600,69857146.75
8601,69393579.19
8602,62148029.91
8604,66903518.63
8605,62612771.31
8606,181752423.59
8608,74910358.91
8609,106745297.44
8610,49699294.32
8611,182260361.76
8612,94830473.39
8613,34583577.99
8614,100484673.65
8615,197250831.35
8616,101675663.05
8617,82932478.56
8618,92698132.24
8620,49898863.04
8622,88420380.33
8623,129019261.6
8624,57936957.28
8625,88311957.43
8626,99483536.86
8627,126248071.14
8628,145894617.43
8629,81726176.74
8631,107125302.43
8632,83371096.83
8633,152334657.0
8634,135717161.47
8635,68319403.17
8636,95856132.81
8637,108804518.18
8638,89391012.57
8640,55129603.8
8641,64450581.11
8642,160092793.73
8643,94161147.18
8644,441458400.34
8645,33707669.99
8646,95743653.23
8647,103020571.17
8649,152802687.12
8650,57277478.35
8651,58785618.48
8652,126552975.42
8654,126871203.19
8655,114003726.25
8656,79508259.85
8657,77783845.52
8658,80567250.46
8659,81998070.79
8660,134672567.74
8661,65339724.61
8662,68897232.46
8663,107221027.51
8664,81290529.5
8665,86349675.05
8666,133921389.55
8667,59243790.83
8668,45112917.96
8669,216655181.29
8671,82921580.09
8673,62354020.43
8674,83310029.57
8675,37069223.86
8676,59865276.6
8677,65524209.3
8678,97256091.25
8681,157541560.96
8683,63447224.05
8684,62465256.31
8685,82100152.45
8686,87327794.34
8687,160604613.74
8688,53765113.82
8689,89696627.0
8691,84220898.68
8693,59406136.38
8694,75928169.63
8695,123661879.18
8696,31344833.98
8697,80702760.82
8698,75727161.34
8699,133307656.77
8700,164967824.62
8701,78872156.83
8702,95060152.83
8703,193595877.08
8705,73141579.99
8706,97458143.23
8707,161651332.6
8708,40168227.13
8709,83414289.41
8710,56083828.44
8711,113821263.15
8712,142551879.39
8714,73074201.79
8715,94172782.74
8716,122936301.14
8717,186532318.6
8718,63298991.19
8719,58266350.65
8720,108051897.34
8721,197710035.47
8722,261369121.62
8723,49424499.07
8725,80027336.42
8726,55786534.09
8728,94940139.63
8729,75696464.27
8730,65032155.0
8731,74118589.65
8733,96464313.97
8734,73792882.97
8735,197626062.64
8736,227701917.85
8737,68254290.25
8738,85028771.98
8739,116946790.12
8740,107901125.57
8741,48531817.38
8742,51288654.47
8743,182683918.48
8744,54909573.75
8745,46877361.07
8747,233890583.9
8748,64153190.07
8749,62368092.06
8750,97256421.51
8751,59833543.46
8752,106178624.48
8753,38294147.24
8754,45319349.97
8755,175845228.0
8756,48406667.96
8757,161733093.55
8758,71341738.85
8759,129326886.51
8760,108679175.54
8761,242135077.89
8762,160718975.12
8765,80107679.9
8768,163768980.94
8769,230103266.58
8770,71354868.28
8771,258876975.63
8772,67760263.96
8773,39295372.48
8774,145944469.12
8775,108806858.66
8776,86236942.47
8777,76768736.6
8778,91552694.5
8779,53827749.5
8780,103915692.26
8781,83914731.43
8782,280140020.05
8783,139971424.17
8784,57232966.74
8785,80229089.46
8786,76249633.22
8787,86414821.81
8788,140850105.91
8789,62068674.21
8790,63010329.84
8791,139662532.18
8793,103675419.81
8795,211317983.97
8796,46976330.26
8797,124754626.51
8798,96857969.1
8800,45890317.58
8801,154441992.45
8802,81776080.45
8803,207134084.27
8804,76391513.86
8805,39293209.9
8806,110795223.56
8807,96658544.91
8808,45596341.16
8809,80016683.14
8810,73176861.82
8811,133713724.45
8812,65570034.18
8813,85849926.82
8815,70336010.35
8816,51141789.46
8817,57630839.07
8818,88943921.37
8819,53397677.65
8820,64667523.17
8821,89321753.66
8822,94386955.95
8823,58775307.65
8825,90961243.94
8826,323335767.76
8827,107899071.11
8828,367399195.35
8829,46786604.78
8830,64809587.03
8832,69471933.84
8833,73982929.53
8836,92987547.16
8837,88430599.26
8838,75308437.73
8839,84296390.51
8840,249567154.5
8841,118774484.91
8842,97294195.39
8843,78568498.0
8844,101115515.68
8845,88576435.17
8847,121395418.26
8848,145277779.94
8851,87079136.03
8852,277804108.27
8853,44218566.4
8854,85231098.47
8855,68743848.58
8856,239150403.12
8857,74102129.7
8858,93925646.61
8859,84909742.95
8860,67000512.42
8861,240028935.42
8862,122109568.61
8863,268239870.67
8864,105511085.15
8865,62766854.69
8866,172010106.62
8867,65199243.04
8869,87410105.93
8870,78558718.24
8871,81537336.15
8872,48910029.36
8873,80328913.93
8876,64375894.84
8877,73491520.03
8878,85205332.83
8879,100605240.39
8880,49336553.74
8881,143644631.69
8882,78505639.69
8883,126151001.65
8884,41268574.54
8885,112603123.23
8886,53446317.62
8887,57636784.46
8888,97776539.17
8889,43652400.33
8890,83640905.17
8891,72070923.43
8892,93314238.53
8893,222892081.4
8894,118193972.49
8895,61285603.08
8897,126373997.73
8900,52350044.56
8901,188899514.29
8902,124918354.41
8903,72826991.93
8904,97204601.97
8905,83374338.55
8906,100113263.79
8907,177593502.21
8908,143013050.24
8910,62580872.2
8912,84171163.26
8913,58878562.7
8914,54338911.1
8916,84616877.85
8917,67301451.91
8919,86026276.57
8920,46078089.98
8921,172463766.33
8922,79003210.04
8923,211893007.39
8925,77955918.63
8926,109492235.04
8927,218627887.58
8928,89481794.98
8929,76222835.8
8931,199080457.51
8932,155322622.4
8933,69073643.71
8934,138559418.2
8936,43068061.92
8938,105567333.37
8940,81072635.61
8942,94910383.85
8943,113234303.39
8944,46737301.97
8945,28977258.74
8946,122395628.78
8948,68559494.26
8949,43275628.7
8950,63281269.82
8951,85228809.38
8952,57951312.73
8953,148642242.22
8954,93202090.13
8955,83518472.3
8956,80302462.54
8957,44255396.2
8959,81681945.2
8960,121485204.2
8961,364454339.08
8963,67499239.62
8964,145502612.19
8965,85792277.74
8966,83552134.6
8967,107057298.08
8968,86750370.03
8969,57658614.7
8970,155717638.14
8971,176586834.8
8972,129595819.08
8973,67562645.98
8975,114147363.51
8976,100959219.01
8977,124634311.59
8978,82516747.6
8980,98843305.01
8981,49127218.76
8982,87414576.17
8984,57969420.87
8985,67065496.04
8986,72006538.54
8987,64178235.77
8988,73848410.82
8989,109685133.6
8990,83551547.41
8992,124119425.35
8993,131468733.15
8994,121839682.91
8996,47378092.68
8997,162002454.33
8998,104506880.04
8999,124934935.53
9000,252767789.76
9001,80051078.63
9002,103905414.23
9003,79233099.19
9004,63545811.07
9005,67287930.93
9007,49935976.63
9008,61584994.42
9009,82834059.57
9010,70052371.72
9011,79075412.08
9012,34049036.68
9013,151038557.99
9014,51033215.84
9015,79048409.66
9016,86699405.0
9017,75923474.9
9018,104734479.93
9019,261131281.47
9020,67578070.78
9021,83935095.02
9022,55970886.36
9023,279098375.27
9025,127533450.77
9026,129368100.42
9027,91491395.68
9028,99314013.32
9029,57038979.06
9030,84642217.47
9031,63041681.4
9032,238914885.89
9033,330630516.67
9034,220349061.43
9036,95434339.07
9037,53014660.17
9038,101310011.19
9041,69920025.61
9042,68537498.37
9044,49799221.43
9045,146954255.58
9046,94809644.17
9047,55963839.28
9048,120231905.61
9049,136080224.44
9050,75361204.88
9051,89274847.26
9053,177437797.24
9054,101033582.13
9055,61487253.91
9058,51363798.01
9059,79706045.45
9060,57153162.05
9061,377791312.55
9062,97389464.41
9063,106239421.68
9064,49762849.07
9065,81617184.67
9066,148012770.05
9067,89806526.64
9069,88817351.61
9070,164102989.49
9071,74042724.06
9073,104044170.98
9074,93901724.42
9075,158263036.55
9076,55252103.28
9077,119224810.13
9079,81390813.84
9080,116426111.07
9082,72017434.19
9083,62461573.08
9084,44380754.95
9085,103731224.28
9086,74080779.99
9087,81011321.98
9088,128411717.7
9089,127961658.3
9090,103777702.72
9091,66351809.49
9092,147141258.03
9093,136624747.62
9094,53638258.4
9096,337250274.22
9098,226201915.62
9099,225642162.37
9100,116096662.68
9101,79315403.05
9102,184767702.13
9103,57477064.79
9104,148898884.81
9105,80264073.46
9107,239457513.0
9108,67310539.96
9110,90020353.06
9111,82343817.6
9112,82568740.69
9114,154887288.01
9115,116456951.11
9116,173921484.27
9117,228281445.21
9118,87912381.75
9119,108151286.33
9120,171088804.33
9121,164138133.19
9122,85061724.87
9123,124274598.73
9124,65189878.53
9126,51076454.93
9127,55690879.84
9128,102382723.59
9129,71470408.76
9130,119179729.51
9131,117430363.94
9132,219320468.17
9133,85277024.83
9134,114456406.74
9135,60389609.49
9137,146336973.23
9138,70781541.09
9139,119977528.61
9140,108167223.57
9141,114717306.1
9142,57990096.32
9143,206748775.0
9144,86823389.41
9146,104816605.61
9147,41749665.37
9148,170981959.03
9149,47243491.71
9150,112830545.06
9151,85608567.88
9152,123096459.33
9153,220921113.72
9154,65035343.31
9155,171248244.08
9156,193009690.69
9157,164894225.39
9159,96700766.58
9160,83105666.27
9161,144028725.19
9162,97439893.61
9163,59068343.58
9164,63696829.7
9165,42513676.42
9166,289842659.97
9167,89461309.9
9168,154440462.69
9169,39042590.46
9170,115144434.04
9171,86234115.62
9172,75538797.54
9173,109833757.49
9174,45781968.17
9175,55787045.94
9178,115728301.21
9179,108501249.31
9182,117824098.2
9183,68767906.64
9185,42957461.7
9186,119878834.39
9189,47782180.45
9190,133327977.79
9191,70442200.88
9192,91336611.33
9193,96149763.21
9194,52873558.14
9195,113955199.9
9196,191258601.71
9197,69198681.81
9198,113360387.45
9200,54013449.41
9201,126643641.49
9202,133918279.88
9204,52532096.55
9205,189023800.34
9206,184679474.42
9207,112074579.29
9208,60742571.62
9209,46322910.4
9210,78622771.1
9211,54666459.08
9212,98111985.12
9213,97988576.11
9214,92264695.1
9215,50783298.1
9216,60604409.35
9217,123016989.7
9219,125048029.44
9220,258970637.63
9221,56515831.71
9222,112069115.89
9223,185543807.02
9224,71719687.56
9225,134771739.1
9226,73266084.17
9228,102855622.27
9229,79166657.99
9230,71523059.86
9231,86671668.48
9232,64906641.62
9233,47960119.68
9234,87909907.88
9235,191697658.09
9236,112894079.96
9237,189461264.13
9239,102393540.4
9241,99893922.7
9243,124477435.39
9244,166166347.69
9245,76003191.26
9246,95275576.18
9247,57027432.99
9248,49204312.61
9249,59648058.41
9250,119826599.67
9251,63598430.74
9252,85401902.01
9253,113237966.24
9254,81899154.1
9256,127833331.15
9257,51517981.31
9258,127055224.19
9259,171003920.97
9260,99817463.73
9261,104213813.74
9262,53405807.43
9264,64136888.89
9265,71635323.27
9266,96338430.37
9267,95749181.66
9268,62817190.23
9269,72509636.32
9270,73224985.07
9272,52746271.27
9273,77303173.8
9274,155010119.2
9275,66578241.39
9276,59542506.76
9277,43862437.92
9279,116567359.31
9280,59556145.43
9282,78868301.96
9283,44862692.11
9284,68978955.66
9285,73090110.55
9287,112963726.92
9289,63511152.2
9291,150010942.49
9293,64863650.16
9294,110488418.17
9295,45898997.06
9296,78344601.55
9298,58411146.87
9299,222512273.86
9300,37338292.45
9301,106893023.5
9303,94077876.52
9304,243642732.89
9305,121712776.44
9306,223542396.22
9307,74926715.87
9308,68224168.68
9309,155186117.29
9310,91743079.33
9311,72364421.57
9312,67429452.92
9313,78502362.91
9314,76382544.86
9315,119188948.54
9316,98218041.86
9317,26937649.66
9319,50652570.46
9320,68168069.8
9321,25661172.36
9322,90915789.99
9323,80348652.01
9324,46567346.12
9325,121326845.33
9326,47243020.77
9327,78936518.48
9328,47597994.74
9329,73623193.75
9330,134347223.01
9331,164402227.23
9332,56103200.98
9334,138531866.43
9335,150793560.1
9336,62224332.82
9337,80801982.07
9338,74032630.75
9339,57842797.4
9340,191227867.46
9341,160725683.66
9342,53375579.58
9344,73233695.87
9345,100026964.79
9346,54814491.77
9347,57280151.06
9348,73916463.9
9349,47243993.27
9350,43640691.62
9351,103163052.4
9352,84464325.77
9353,111829349.48
9355,214087721.52
9356,47725175.63
9357,107903823.6
9358,60505959.2
9359,37353935.77
9361,51198342.93
9362,81502697.6
9363,83985267.02
9365,73659467.76
9366,57190534.74
9369,78289613.47
9370,139609873.17
9371,128665147.76
9372,242604772.51
9373,58262288.71
9374,147839152.37
9375,77074088.13
9376,109777904.02
9377,69884212.1
9378,157032602.72
9381,265057174.43
9382,53376282.21
9383,77275849.17
9385,167870799.63
9386,108234870.72
9388,128299913.32
9389,88106637.47
9390,184151315.81
9391,62176126.46
9392,35693805.83
9393,36259548.18
9394,77841617.6
9395,187673784.77
9396,70921213.33
9397,58281928.13
9398,111757924.83
9399,121477734.47
9400,91338080.42
9401,99474676.84
9402,218635645.03
9406,188290904.72
9407,109405028.13
9408,71807711.15
9409,75662952.45
9411,215273160.89
9412,102711767.53
9414,121426761.27
9415,180595408.25
9416,78291483.66
9418,87518034.09
9420,204873163.13
9421,52234148.93
9422,147203882.73
9423,90918013.05
9424,77702046.86
9425,58011997.0
9426,229316601.37
9427,64090840.46
9428,204253530.34
9429,57808149.39
9430,34131129.95
9431,86011187.74
9432,272672506.71
9435,133967723.14
9436,44523735.47
9437,66891704.88
9438,198054224.33
9439,84391440.16
9440,91331772.55
9441,111177175.88
9442,49833791.08
9443,118795040.82
9444,251483867.12
9445,71673658.24
9446,83686580.78
9447,74379306.78
9448,323341984.94
9449,74195487.68
9450,80725440.79
9451,78937278.79
9452,48684171.78
9453,161273754.42
9455,83668642.57
9456,112058654.74
9457,110417559.07
9458,62776305.79
9459,135217245.21
9460,47935935.49
9462,78989473.55
9463,78832408.03
9464,92561752.11
9465,117092610.77
9466,82815648.47
9467,76578640.01
9469,43159065.02
9470,120902486.04
9472,213702882.47
9473,63612104.23
9474,111497274.48
9475,70267088.91
9476,87514018.13
9478,74765935.65
9479,142946360.29
9480,58145782.26
9481,48628746.71
9482,78654206.48
9483,92645208.11
9484,45955961.27
9485,56489279.22
9486,85623932.48
9487,131200913.78
9488,178962140.02
9489,257484405.26
9492,60677459.27
9493,201686433.72
9494,114029084.76
9495,114601059.87
9496,54476003.42
9497,127119033.22
9498,73555848.82
9499,136288923.37
9500,86943929.5
9501,136545458.8
9502,239804578.35
9503,148673029.04
9504,104016195.72
9505,50241073.12
9507,121899138.69
9508,137650405.56
9510,70198125.95
9511,186695610.84
9512,296420122.53
9513,156890436.4
9514,53840999.98
9515,87116620.59
9516,82701812.71
9517,89709306.2
9520,49678512.51
9521,141054376.48
9522,162150209.01
9523,129457265.48
9524,49770764.78
9525,119496106.96
9526,295697314.2
9528,292250603.01
9529,119532096.71
9530,72847051.87
9532,95152692.37
9533,66243399.16
9535,57928050.3
9536,85504033.99
9537,73519611.85
9538,92421127.47
9539,90991378.16
9540,74023119.94
9541,244849074.16
9542,273215005.96
9544,87426701.66
9545,71837256.61
9546,66853306.75
9547,89875653.12
9548,108464657.57
9549,68743799.73
9550,98678119.08
9551,63876013.6
9553,98455060.24
9554,224181753.94
9555,65938025.88
9556,140815773.03
9557,111459566.82
9558,73212207.75
9559,92094364.05
9560,72934022.38
9561,53904020.67
9562,85818296.94
9563,72467449.72
9564,125293522.01
9566,348405975.23
9567,122128945.86
9568,53643383.18
9569,78799442.17
9571,82486079.97
9572,57260974.6
9574,150547252.93
9575,51006774.24
9576,38618664.71
9577,244711671.28
9578,67470136.31
9579,113707350.99
9581,79259252.18
9582,150351656.72
9583,147095899.56
9584,78407807.47
9585,85689483.31
9586,60885272.28
9587,149307090.59
9588,89549823.21
9589,78084524.88
9591,56356253.37
9592,69519117.21
9593,45110182.76
9594,77687460.84
9595,92089709.86
9597,79270286.31
9598,127699608.3
9599,214565834.76
9600,63122831.13
9601,111537924.36
9602,79328756.51
9604,110614464.33
9605,200089234.03
9606,76411455.11
9607,44920494.99
9608,130346074.47
9609,75626782.89
9611,129656059.93
9612,233155313.73
9614,109005247.38
9615,349981467.3
9618,50694181.34
9619,239935634.98
9620,125449952.92
9621,50336612.4
9622,70173713.75
9624,158906760.12
9625,84648260.65
9626,118319664.6
9627,247800286.62
9628,81553927.66
9629,42599681.19
9630,94627960.07
9632,83908059.81
9633,127249463.8
9634,104580773.29
9635,95086363.8
9636,92918491.38
9637,56885426.18
9638,209272703.33
9639,49687470.74
9640,176907046.0
9641,60134236.91
9642,77768280.01
9643,142450430.32
9644,131981648.87
9645,73327850.61
9647,70963753.21
9648,74259549.92
9649,246840593.54
9650,54092987.1
9651,84571219.79
9652,62237614.25
9653,139386890.33
9654,98738493.88
9655,61457386.13
9656,54636013.36
9657,84302814.55
9658,34631910.55
9659,98339461.03
9661,124182620.54
9662,155484870.66
9663,119959262.31
9664,70201984.43
9665,47802695.24
9666,74357048.76
9668,155388182.07
9669,107719588.31
9670,152933370.54
9671,81794578.69
9672,40237606.42
9673,221813740.36
9674,122912636.41
9676,118972812.13
9677,51606322.38
9678,86365829.71
9679,119578820.72
9680,96511286.72
9681,59421948.54
9682,168142330.32
9683,72818177.6
9684,91152884.89
9685,124950020.26
9686,156932445.27
9688,64601021.83
9689,78999459.47
9690,142547497.86
9691,281215878.65
9694,125331311.98
9696,83036263.86
9697,109825175.04
9698,81493843.52
9700,94967824.88
9701,50550396.08
9702,268121652.8
9703,65109463.05
9704,174819914.09
9706,55915670.82
9707,141344856.65
9708,92724154.4
9710,99261073.13
9711,202428870.52
9712,54346797.16
9713,112770908.47
9715,60681347.55
9716,137460072.86
9717,120251019.52
9719,234914607.45
9721,51729496.52
9722,129887987.87
9723,133074355.9
9724,52971384.96
9726,86648706.35
9727,87856876.97
9728,79873289.34
9729,55397816.24
9730,108861669.74
9731,82831315.22
9732,59828034.07
9733,52111672.06
9734,85698553.09
9735,48715566.16
9736,80615862.29
9737,104954769.31
9738,103777352.33
9739,116703490.59
9740,110580611.19
9741,99312497.31
9742,70473038.8
9743,127506469.21
9744,77737678.88
9746,138984261.91
9747,248658544.91
9748,49125842.11
9749,82208459.47
9750,151117714.08
9751,103102167.94
9752,120939332.02
9753,78482069.81
9754,292251285.22
9755,108845097.01
9756,61233889.23
9757,250890745.55
9758,136260933.79
9759,57378285.03
9760,124891656.41
9761,102861249.84
9762,108548211.23
9763,155283005.77
9765,56326699.35
9766,132575374.59
9767,108775433.7
9768,115543825.1
9769,295528228.56
9770,77555945.65
9771,123897502.43
9772,78985731.71
9773,63768701.67
9774,88098062.96
9775,72168109.71
9776,202969666.51
9778,77508493.18
9779,110260785.25
9780,98569363.1
9782,129030582.33
9783,56097091.46
9784,80848420.64
9786,80285872.82
9788,77329811.49
9789,79526107.89
9790,248591760.16
9791,99241878.86
9792,65693960.0
9793,47833686.57
9794,161385962.82
9795,96181083.02
9796,94137028.8
9797,155079519.39
9798,183761230.97
9799,93626931.93
9800,83468453.0
9801,102092004.15
9802,79711989.21
9804,79515142.34
9805,185194023.08
9806,182804313.98
9807,52301414.37
9808,88959874.03
9809,94065403.87
9810,122339859.19
9811,72974062.8
9813,93851257.51
9815,124652002.52
9816,67921302.78
9817,84406324.98
9818,53531065.69
9819,76589702.4
9820,97693432.11
9821,157988359.58
9822,75720817.54
9823,87542663.29
9824,67651979.9
9825,126383621.24
9826,389504909.46
9827,39582617.75
9828,71716058.48
9829,145850513.08
9830,115084501.07
9831,90811945.99
9833,51519408.18
9834,161395052.06
9835,104603793.31
9836,111051121.78
9837,79694601.61
9838,96102430.73
9839,109856227.54
9840,119507604.68
9841,162907314.14
9842,58944167.18
9843,104647904.53
9844,124454425.76
9845,186147313.31
9847,115465259.65
9849,103483699.7
9850,98882065.38
9852,47707094.17
9853,79977863.24
9854,62930306.35
9855,68804841.09
9856,60674563.12
9857,110880801.3
9858,100551264.53
9860,85907346.98
9861,105480622.3
9862,117865400.32
9864,100054488.77
9865,92172260.34
9866,113485311.73
9867,113539984.41
9868,53294999.26
9870,69895894.82
9871,94321806.82
9872,42413562.3
9874,372055657.95
9875,254927407.73
9876,43160806.3
9877,216362513.14
9878,120909068.34
9879,83980115.88
9880,139820809.18
9881,99142877.6
9882,56864208.83
9883,55539635.95
9884,80610055.3
9885,62024809.76
9886,115717422.61
9887,129888869.95
9888,42820941.69
9889,111213701.11
9890,69894175.86
9891,67173934.89
9892,121513753.95
9893,78157302.99
9894,128239034.74
9895,65327818.25
9896,88331850.28
9897,88389441.06
9898,111223447.22
9899,121448429.84
9900,158472353.94
9901,60048439.2
9902,75370781.92
9903,82395872.88
9904,106645070.42
9905,50155846.52
9906,237515861.42
9908,83436856.13
9909,139380328.18
9910,90698206.64
9911,97305811.34
9912,73053956.18
9913,88535119.74
9914,102022331.27
9916,60931720.5
9917,48529827.01
9918,79331956.52
9919,73484901.05
9920,104901181.59
9922,154586022.45
9924,160406892.67
9925,68835822.59
9927,80301448.32
9928,167134748.65
9929,75491528.22
9930,105727181.88
9931,48910976.86
9933,58528345.23
9934,60647920.92
9935,85548572.28
9937,87310480.47
9939,100398624.83
9940,180919327.57
9941,70060494.98
9942,62476685.59
9943,260305468.76
9944,168721976.79
9945,105858226.3
9946,163819148.16
9947,89455666.23
9948,104066750.45
9949,67171716.89
9950,185007621.61
9951,90264994.32
9952,75976837.91
9953,73829200.63
9954,112392467.47
9955,173048760.18
9957,202320093.33
9959,71143607.48
9960,58053536.57
9961,166256176.64
9963,107243469.55
9964,65542844.56
9965,80775872.02
9967,126908344.8
9968,37951780.54
9969,141443569.99
9970,48683698.23
9971,72266418.98
9972,95879443.37
9973,57307878.11
9974,73328934.95
9975,157544538.8
9978,71842520.54
9979,94843104.05
9980,48591805.61
9982,71103068.26
9983,103781457.3
9984,104855277.61
9985,45602062.99
9986,101208667.94
9987,53351280.85
9988,61177096.55
9989,97170706.85
9990,131743059.09
9991,52215711.18
9992,154708203.61
9993,222512125.07
9994,81973306.12
9995,60373902.19
9996,61700176.2
9997,48766257.99
9998,89501487.24
9999,92297744.11
10001,115246591.61
10003,53895037.59
10004,130256968.08
10005,94233929.55
10006,67579275.04
10007,32632472.01
10008,81685772.99
10009,69693537.51
10010,87822002.82
10011,86693181.83
10012,117095279.46
10013,111190780.92
10015,180404728.19
10016,99230704.02
10017,104274201.14
10018,49330178.43
10019,136484728.22
10020,80895983.29
10021,70528647.3
10022,89530314.45
10023,95455164.95
10024,85932716.67
10025,98042439.24
10027,139866959.78
10028,38313765.08
10029,108003811.72
10030,62609963.77
10031,102251491.08
10032,72853539.89
10034,140738529.38
10035,62194494.96
10037,138979627.18
10038,199557338.04
10039,45175305.65
10040,84917702.3
10041,119390838.42
10042,160764073.67
10043,180496230.98
10044,137861497.94
10045,83170949.74
10047,69883301.67
10048,143122637.81
10050,72335853.03
10051,63745179.62
10053,60672684.65
10054,73101643.58
10056,103782800.08
10057,123231691.36
10058,101190172.64
10059,45902422.43
10060,59419875.91
10062,68300127.8
10063,101755721.12
10064,115995789.91
10065,75952828.29
10066,74088200.97
10067,97820939.38
10068,98174421.9
10069,89894910.9
10070,44757301.06
10071,88153079.7
10072,111080200.33
10073,87308538.84
10074,177635633.67
10075,198741156.88
10077,210791788.55
10078,80087367.84
10079,55262012.1
10080,62152013.8
10081,79889867.52
10082,49110854.71
10083,97944130.41
10084,332206238.9
10085,146143200.15
10086,37624004.13
10087,113781809.04
10088,33491809.15
10089,72056934.61
10090,81843698.0
10092,68396086.65
10093,137475577.35
10094,62080799.94
10095,70282882.59
10096,60724825.97
10097,83352852.06
10098,181681748.08
10099,142470019.78
10100,166267008.05
10102,42206023.63
10103,70819413.23
10104,123146841.12
10105,169191441.45
10106,59631727.65
10107,113637025.52
10108,98626231.73
10109,251110247.22
10111,96410965.93
10112,82754695.81
10113,133462153.99
10114,91784036.82
10117,85090114.93
10118,57470416.21
10119,134802222.95
10120,161937182.77
10121,199312805.68
10122,154918170.22
10123,124510837.96
10124,65968213.23
10125,78318725.74
10126,90076401.73
10127,94191237.08
10128,70189081.55
10129,131491611.01
10130,43245254.43
10131,234604719.51
10132,123407072.86
10133,97267593.08
10134,59595651.1
10135,247662023.05
10136,128438832.94
10137,257595520.1
10138,126431005.67
10139,65874167.3
10140,127183134.06
10141,66587266.81
10144,82359713.56
10145,70737221.73
10146,78616513.24
10147,60083485.8
10149,87644584.59
10150,64941918.29
10151,87626953.5
10152,61892132.38
10154,132917217.33
10155,113505440.26
10156,110384909.48
10157,89818432.55
10158,59329773.91
10161,87804703.33
10162,224855028.39
10163,68910556.01
10164,70786544.77
10165,67394631.84
10166,90538194.2
10167,140264455.11
10168,57894332.82
10169,68504558.1
10170,159273349.9
10171,111291532.77
10172,53505673.07
10173,69610836.98
10174,51307465.49
10175,119933847.46
10176,158302990.64
10177,73099009.01
10178,86360072.46
10179,64506248.48
10180,93847576.31
10183,137415677.48
10184,92108651.46
10185,41501907.35
10186,77509260.35
10187,86364869.26
10188,44316799.26
10189,142062392.12
10190,38349120.18
10191,122094743.28
10192,167613046.48
10193,96539414.18
10194,100433454.51
10195,85428416.26
10196,65869454.98
10197,67813152.67
10199,130207694.08
10200,119227616.18
10201,380483582.68
10202,121235624.9
10203,130480508.12
10204,53514983.78
10205,114688079.58
10206,133951066.04
10207,92874731.12
10208,128286684.23
10209,160447427.04
10210,237999946.93
10212,75683149.16
10213,119405694.82
10214,58371966.46
10215,77519089.21
10216,142603909.73
10217,184160245.1
10218,116670347.31
10219,81832100.78
10220,53422728.44
10221,107359323.64
10222,70761502.4
10223,59203584.09
10224,101697618.3
10226,39557275.64
10228,99406126.61
10229,47282807.49
10230,89054065.61
10231,59550523.61
10232,225386656.4
10233,53696313.3
10234,72908329.68
10235,85495995.25
10236,55264191.75
10237,154656978.71
10238,84503337.56
10239,92857115.46
10240,34749327.62
10241,50684276.54
10243,155385389.7
10244,50935852.79
10245,118433188.87
10246,185236910.5
10247,175885737.41
10248,90622797.83
10249,147773273.99
10250,111285713.53
10251,322361243.83
10252,205467636.7
10253,95683795.83
10254,66365299.08
10255,60904300.74
10256,160771098.96
10257,69476447.52
10258,152840407.52
10259,80906919.57
10260,158599980.33
10261,50046488.7
10262,74629418.51
10263,83572541.54
10264,64136577.93
10265,49343454.37
10266,59211011.01
10267,67511772.39
10268,107188553.85
10269,135288162.86
10270,68532777.36
10271,91820576.75
10272,75154757.36
10273,105342632.88
10274,73349139.65
10275,56929631.8
10278,66039512.25
10280,46855627.75
10281,100507417.48
10282,55908789.47
10283,78756750.32
10284,48209625.56
10285,128434962.81
10286,63339306.33
10287,100768154.49
10288,81071428.29
10289,87375491.24
10290,167257122.38
10291,91514598.55
10292,75785382.28
10293,130973097.35
10296,89843832.41
10297,82677207.68
10298,102321674.8
10299,44687410.96
10300,88520985.04
10301,108724947.1
10302,61330581.99
10303,80838795.8
10304,287203025.73
10306,46831362.83
10307,105806573.08
10308,83818096.89
10309,33944884.33
10310,90619735.3
10311,72724519.17
10313,50390118.25
10314,54843280.14
10315,67835121.12
10316,65523307.78
10317,50167926.78
10318,44281020.36
10319,98681683.29
10320,214072913.53
10321,95264366.53
10322,48762080.15
10323,186423214.94
10325,44754544.78
10326,105579060.01
10327,208079542.87
10328,98383259.21
10329,47359139.97
10330,205416342.99
10331,114278037.0
10332,69352749.71
10333,87796878.76
10334,64849823.4
10335,109291141.25
10336,77561647.93
10337,138811060.0
10338,45525427.5
10339,63238487.29
10340,92788038.03
10341,57777206.72
10342,105872243.86
10343,53252665.53
10344,49820714.65
10345,103039761.11
10346,220055465.54
10347,63019208.91
10348,214303744.64
10349,131876860.41
10350,108681149.36
10351,64907830.56
10352,94660297.04
10353,75900842.29
10354,85839981.88
10355,83413334.01
10358,50075605.71
10361,38593463.84
10362,270127056.32
10363,50183810.0
10364,65170088.88
10365,171353111.3
10368,67941916.88
10369,66571703.68
10370,111079128.96
10371,91080874.74
10372,72562983.64
10373,166122807.0
10374,80706195.48
10375,102182374.18
10376,66544704.8
10377,233401374.1
10378,65322166.32
10379,35496398.76
10380,209896828.5
10381,263512999.28
10382,51737783.46
10384,100440464.38
10385,229700144.93
10386,69092609.64
10388,69733954.96
10389,67873482.99
10390,94552666.36
10391,286597622.65
10394,164565136.67
10395,89521629.37
10396,104848245.16
10397,72070374.84
10398,55950712.07
10399,80153314.5
10401,37967385.06
10402,173457847.34
10403,94605072.96
10404,43965652.27
10405,145207350.99
10406,47247055.39
10407,63475257.64
10408,88244962.44
10409,98127348.24
10410,68336825.92
10411,134485320.09
10412,100409042.5
10413,113296724.86
10414,219888279.48
10415,50554557.41
10416,63577386.0
10417,63967724.39
10418,106040408.24
10419,99375571.23
10420,79768804.69
10421,50143099.25
10423,70265737.33
10424,137217365.84
10425,87640689.58
10427,98939124.73
10428,73728444.94
10429,117693698.67
10430,62590900.39
10431,90287763.59
10432,85607660.52
10433,85793249.73
10434,65401891.68
10435,318265696.95
10436,155987687.94
10437,94221073.41
10438,72368252.74
10439,112391617.85
10440,110130946.64
10442,171138673.92
10443,79935685.56
10446,95835022.6
10447,53912876.08
10449,103461818.13
10450,81250125.67
10451,91130679.13
10452,68333510.97
10453,56603950.6
10454,94232649.41
10456,49192402.93
10457,93356559.44
10458,57057919.0
10459,61148208.34
10461,71099069.39
10462,60112983.38
10463,81245686.85
10464,53947965.17
10465,60020714.44
10466,58235796.87
10467,45890612.87
10468,68309925.89
10469,62946931.93
10472,119140530.76
10473,118986270.51
10474,88978753.93
10475,50110250.57
10476,47161000.45
10477,59847531.68
10478,180152499.76
10479,74739116.64
10480,54225173.08
10482,62005025.85
10483,161812637.49
10484,80274387.66
10486,106865381.21
10487,56015661.4
10488,112094926.87
10489,75421683.92
10490,76847031.46
10491,148407321.11
10493,53830880.39
10494,44702479.23
10495,124921701.24
10496,150000512.42
10497,47072986.43
10498,65106722.96
10499,192842922.58
10500,52880052.09
10501,43307415.04
10502,164573116.85
10503,139322222.13
10504,71769004.61
10505,81632717.4
10507,105988836.6
10508,57300093.45
10510,124799258.53
10511,120775891.96
10512,80179856.88
10513,90755278.96
10514,148102044.09
10515,66752134.23
10516,74778963.03
10517,95893322.05
10518,84935668.04
10519,63333031.63
10520,88156788.81
10521,41308028.22
10522,80208997.4
10523,72896700.0
10524,131508739.06
10525,229620748.69
10526,109543895.87
10527,78166549.74
10528,141043224.61
10529,176662025.1
10530,80792347.21
10531,73806534.99
10533,93797966.62
10534,171445636.49
10535,134026157.42
10536,68360331.54
10537,48618795.3
10538,138463647.44
10539,139812029.89
10540,97933332.89
10541,120003815.55
10542,103966597.46
10543,113481431.2
10544,128309383.11
10545,132192022.96
10546,126568656.47
10547,45081285.22
10548,73888857.97
10549,111191096.56
10550,103403603.93
10552,187067908.84
10554,55440911.65
10555,83897685.57
10556,44948201.48
10557,22924742.93
10558,61076064.71
10559,85729341.94
10560,94920553.71
10561,59905555.27
10562,127540072.66
10563,231737982.68
10564,121513769.66
10565,152390674.23
10566,86778119.0
10567,215500284.5
10568,62664328.96
10569,49634077.75
10570,125318791.89
10571,157672431.29
10572,69046084.44
10573,83844161.61
10575,64013519.43
10577,110058101.43
10578,61643944.98
10579,85022941.12
10580,68141217.03
10581,94691840.23
10582,89951205.31
10583,172851750.45
10584,307039650.45
10585,71011770.79
10587,49017828.88
10588,63311773.2
10589,79955726.65
10590,118114558.97
10591,38373869.6
10592,70057849.53
10593,50664954.34
10594,94488879.98
10595,49950031.4
10597,89672694.62
10598,92832002.81
10599,87902774.98
10600,62796925.23
10601,36465032.3
10602,76443705.55
10603,89112553.31
10604,63012608.72
10605,87464248.96
10606,52618504.15
10608,67153641.19
10609,64530387.16
10610,63976351.31
10613,143519722.12
10616,153659110.61
10617,76499368.71
10618,170872322.6
10619,137377940.13
10620,75306332.52
10621,172392462.46
10622,112081844.65
10623,82240071.88
10624,74628414.58
10625,94179314.28
10626,43505203.29
10627,83202047.22
10629,131899953.93
10630,45587414.73
10631,83376179.67
10632,124672629.17
10633,70528833.48
10634,44630378.85
10635,174666017.08
10636,86968268.65
10637,101118445.22
10638,102550550.81
10639,96175560.87
10640,121881623.47
10641,78501075.7
10642,70392807.96
10643,72895574.39
10644,96601297.73
10645,78548614.13
10646,153846855.98
10647,72961728.22
10650,96023524.87
10651,104313450.02
10652,97186851.47
10654,51635303.73
10655,51355705.81
10656,168800418.52
10657,148447538.13
10658,125252166.9
10659,147479586.78
10660,204981560.59
10661,86173421.82
10662,132340068.63
10663,46002163.54
10664,102283404.66
10665,104211872.87
10666,91959147.22
10667,175231996.42
10668,75901024.37
10669,60939925.8
10670,62352785.3
10671,100435945.15
10672,98283575.06
10673,152803249.4
10674,184988677.39
10675,76003273.1
10676,186410048.18
10677,52290459.94
10678,183183609.18
10679,127127909.51
10680,94205009.62
10681,156974267.15
10682,181690610.24
10683,86003021.45
10684,58332820.95
10685,114555002.88
10686,74615252.69
10687,134605640.26
10688,93563384.14
10689,63595411.48
10690,142274493.21
10693,82203802.93
10694,58931740.21
10695,77706701.62
10696,101456191.93
10697,100602877.39
10698,94922000.26
10699,62730289.66
10700,79579024.56
10701,75194031.68
10703,147245675.22
10704,152976991.34
10706,110060816.31
10707,201565698.15
10708,52021223.12
10709,81882542.09
10711,100583920.49
10712,73617019.37
10714,117285549.46
10715,121139342.16
10716,83960082.15
10718,84999553.43
10719,173181757.06
10720,90437319.07
10722,112334514.14
10723,214324168.6
10724,85368798.13
10725,41171211.03
10726,101388972.16
10727,49977505.16
10728,70412736.19
10729,64567704.03
10730,47368970.72
10732,143072200.17
10734,52805234.99
10735,64553460.84
10737,127059739.29
10738,318401271.62
10739,66644824.5
10740,221965610.93
10741,186950489.48
10742,179477198.08
10743,51999337.04
10744,89834788.28
10745,88650475.55
10746,73532845.02
10747,245130747.87
10748,119463741.93
10749,231664952.4
10750,122836303.66
10751,73826457.06
10752,147686017.61
10753,39433777.84
10755,61987873.0
10756,149397077.17
10757,68156936.45
10758,68568345.17
10759,73935716.47
10760,103956855.27
10762,79191342.22
10763,129529657.48
10764,85220347.02
10765,84717782.8
10766,114887343.3
10768,99545231.8
10769,68943074.97
10770,86317897.38
10774,207999204.82
10775,60918153.17
10776,115397222.24
10778,127381221.41
10779,186133039.33
10780,63277977.06
10783,88991456.35
10784,95758999.17
10785,126551686.12
10787,51721165.18
10788,74799765.57
10789,134359718.7
10791,111845731.71
10792,63838438.7
10793,114951481.63
10794,96405016.94
10795,52509672.62
10796,69986382.59
10798,84193304.37
10800,222270104.95
10802,102672683.09
10803,69407769.25
10804,49908138.6
10805,91336630.69
10806,173674663.41
10808,57295411.29
10809,163361330.77
10810,63900458.52
10811,94990186.22
10812,147509004.66
10813,52158941.67
10815,70499592.38
10816,92055238.71
10817,101043705.22
10818,137519704.98
10819,93529330.09
10820,76084470.97
10821,56306862.79
10822,105687418.8
10823,94442809.23
10824,56306388.79
10825,83792857.77
10826,137228373.13
10827,50212225.27
10828,87921458.31
10829,44464799.08
10830,70947170.91
10831,118110323.79
10832,80371580.66
10833,41494147.18
10834,183773909.16
10835,83117749.75
10836,174661205.76
10837,363378662.6
10838,76554848.28
10839,74877187.39
10840,62744073.97
10841,85589037.5
10846,76688267.92
10847,52022475.4
10848,110563373.57
10850,252328514.61
10851,107375001.07
10852,104625941.56
10853,92244860.93
10854,96206781.49
10855,215598604.0
10856,154003511.61
10857,90287976.82
10858,114816813.25
10859,315929946.95
10860,69485081.16
10862,146512167.5
10864,94299119.2
10865,133734690.46
10866,144027235.54
10867,65183201.65
10868,65909307.99
10869,41096237.41
10870,61853936.58
10871,70241755.45
10872,92786485.94
10873,68691852.79
10874,221565507.3
10875,70257955.08
10877,88646214.37
10878,144328167.85
10879,75181603.79
10880,116777563.73
10881,187339336.71
10882,61273786.81
10883,119733274.7
10884,154433759.47
10885,82033452.63
10888,186250097.95
10890,85686890.3
10891,65202692.82
10892,61992575.33
10893,123910520.96
10894,145099431.65
10895,156187572.93
10896,64647258.75
10897,59870615.5
10898,97997555.08
10899,103148568.21
10900,172797380.66
10901,68192065.32
10902,85289761.41
10903,61374226.83
10904,69462883.89
10905,99674325.68
10906,95373440.84
10907,186436586.76
10908,67512247.22
10909,67510728.16
10910,62384343.34
10912,136796345.3
10913,90764941.8
10914,172378329.41
10915,65453364.4
10916,98350733.79
10917,107296271.35
10919,106575815.56
10920,98901968.79
10921,82784850.03
10922,62758955.71
10924,43277285.59
10925,81884548.22
10926,51540613.77
10927,78214121.33
10928,108600995.96
10929,53651184.67
10931,66606294.84
10932,139934603.59
10933,101065084.36
10934,74221290.39
10935,95501883.46
10936,92449760.56
10938,45034400.51
10939,116084710.47
10940,135968646.54
10941,73395037.11
10942,173134689.5
10943,80912047.51
10944,89029126.31
10945,67123783.79
10946,61016703.46
10947,43483720.8
10948,153882463.46
10949,191859060.86
10950,57272676.87
10951,130387106.81
10952,260727568.9
10953,185819411.08
10954,102337571.27
10955,47566269.06
10956,101853382.16
10958,72317413.24
10960,79009389.98
10961,76161355.82
10962,167865384.35
10963,123558639.11
10964,282429941.03
10965,165374472.89
10968,108852126.21
10969,124882773.04
10971,168118963.5
10972,72101800.11
10973,77209720.22
10974,68275991.14
10975,164598848.82
10976,72312412.39
10977,73415611.77
10978,125598035.16
10979,79416077.74
10980,180981065.45
10982,74394192.27
10983,155138152.01
10984,53250109.61
10986,55089527.22
10989,117355999.56
10990,54361709.78
10991,121133402.42
10992,84230580.34
10993,82099350.41
10994,15148164.55
10995,82679212.9
10996,113141445.47
10998,52097092.84
10999,113663213.38
11000,113069337.81
11001,109720263.49
11002,68796724.01
11003,82663193.26
11005,85900404.65
11006,113719627.24
11007,58993898.63
11008,64426193.64
11010,180205192.83
11011,198958302.53
11012,74852547.85
11013,311511037.85
11014,103734805.65
11015,89458463.45
11016,70348066.6
11017,109319375.48
11018,109129665.65
11019,40634549.76
11020,41897592.57
11021,74374823.37
11024,82229474.47
11025,80337327.41
11026,115618581.59
11027,48492269.49
11028,77327539.76
11029,55386307.84
11030,164833279.87
11031,101274559.56
11032,88810741.1
11033,56942054.21
11034,136476254.46
11035,101081970.46
11036,84147705.46
11038,71395570.43
11041,175496847.1
11042,46954752.19
11043,90761275.8
11044,82866981.49
11045,63916172.28
11046,95510865.8
11047,107883567.44
11048,92412599.14
11049,35745504.01
11051,62819336.17
11052,62168603.43
11053,79735545.21
11054,64311837.55
11055,89552445.54
11056,70599331.62
11057,203623078.08
11059,84313071.03
11060,148245201.98
11061,428265283.03
11062,94650120.88
11063,51998692.1
11064,63545932.56
11067,73093067.58
11068,57157936.08
11070,99871712.49
11071,76253735.36
11072,92181637.06
11073,97224278.81
11074,165237823.84
11075,116245569.59
11077,92391822.58
11078,136935422.98
11080,143619832.92
11081,42957379.45
11082,55472748.04
11083,143646206.53
11085,114767118.6
11087,91776384.44
11088,99702415.94
11089,140100559.49
11090,85124853.87
11091,37390206.09
11092,43814515.18
11093,71717556.77
11094,206333908.79
11095,142239867.68
11096,150174175.07
11098,134481519.75
11099,242021819.92
11101,52738463.71
11102,86667017.09
11103,77899979.48
11104,44546994.2
11105,65544953.61
11106,67219219.86
11107,434844570.7
11108,106806716.17
11109,302532576.13
11110,108050553.25
11113,64425701.23
11114,140271686.54
11115,39835222.72
11116,85991571.83
11117,129067505.96
11119,103280885.29
11120,95591972.16
11121,60755377.03
11122,174392824.02
11123,58385917.82
11124,90178095.03
11125,90012130.61
11127,51118513.6
11128,64850606.12
11129,62893804.1
11130,118011111.09
11131,72143733.33
11132,230657645.63
11133,84795644.46
11134,75099673.09
11135,97159680.35
11136,75457346.84
11138,92945314.17
11141,177187119.44
11142,77373625.32
11143,49138210.97
11144,198278369.41
11145,152978063.29
11146,75143920.93
11147,299445713.74
11149,74329913.84
11150,76251301.53
11151,122209540.61
11152,149516318.08
11154,87473316.82
11155,233503632.77
11156,61482036.57
11157,72642175.34
11158,103620907.26
11159,105183036.61
11160,116915871.04
11161,73717467.34
11162,60533114.52
11164,52608754.75
11165,67541673.37
11166,134207587.93
11169,196932829.06
11170,99385415.62
11171,85797812.04
11172,131143709.06
11173,58291446.34
11174,75481390.97
11175,212951962.48
11176,295952674.48
11177,103936214.8
11179,71349324.33
11180,100074927.76
11182,73682077.99
11183,94989469.09
11185,99802957.45
11186,96154868.18
11187,176645860.15
11188,250171576.36
11189,81182674.23
11190,73627483.25
11191,89964151.63
11192,84003970.76
11193,88151208.78
11194,72615040.42
11195,99862028.49
11196,115222659.09
11197,76847884.06
11198,87726842.11
11199,147872244.88
11201,90462273.43
11202,83261403.67
11203,150221026.79
11205,89641480.05
11208,82926884.46
11209,123121179.16
11210,65796950.15
11211,61235772.43
11212,79934945.78
11213,70873640.04
11214,70767059.8
11215,61733483.55
11216,79544097.96
11217,58912636.04
11218,84286860.63
11219,135027482.52
11220,311052389.23
11221,104525357.39
11222,85539013.98
11223,66096297.29
11224,146741376.22
11226,110944573.42
11227,102590701.29
11228,62644324.12
11229,56361758.35
11230,71033259.27
11231,52997110.81
11232,71729284.9
11233,56649945.62
11234,66915964.17
11235,68541496.17
11236,168949241.72
11237,72593983.19
11238,59514397.06
11239,59019805.35
11240,83484666.24
11241,72101074.19
11243,103863182.87
11244,106858058.58
11246,149209851.41
11247,132318141.98
11248,91333265.22
11249,114906871.85
11250,128344223.66
11251,122859899.68
11253,71312955.91
11254,125225394.22
11255,103940224.15
11256,72908802.81
11257,81692699.86
11258,112549282.88
11260,88924580.34
11261,103793013.24
11262,159898601.2
11263,140750803.52
11264,98830471.54
11266,214566153.64
11267,86131465.44
11269,83257799.9
11270,77799649.59
11271,77996604.51
11272,75347260.38
11273,63715679.59
11274,144561804.59
11275,177387118.94
11276,100065058.16
11278,132085426.19
11279,92030613.31
11281,238377007.69
11283,108045810.58
11284,61276407.29
11285,101329826.73
11287,73510995.74
11288,154355443.82
11290,63869512.31
11291,55174888.86
11292,66296359.24
11294,94225694.74
11295,80933851.88
11296,63530804.89
11297,242965540.29
11298,107426753.41
11299,82632264.96
11300,136551698.38
11301,74504996.43
11302,97799523.67
11303,163995172.15
11304,73376092.82
11305,227259860.14
11306,80067591.9
11307,197182429.52
11308,139969228.77
11309,83517325.0
11311,139041488.0
11312,100500196.9
11314,225645115.78
11315,153815600.35
11316,172665359.79
11317,70516776.45
11318,99968252.45
11320,67281316.49
11322,59686626.97
11323,67048781.35
11324,210862082.55
11325,70059217.56
11326,221006542.96
11327,67840481.0
11328,50304894.15
11330,103691630.49
11331,103344475.22
11332,88928885.63
11333,89711375.3
11334,92827999.79
11336,48880272.08
11337,105928635.59
11339,115726836.78
11340,64825302.61
11342,68544676.13
11343,242559023.93
11344,66292693.98
11345,136579572.37
11346,73023777.49
11347,88185660.9
11348,116835486.66
11349,152326692.43
11350,180117160.29
11351,66394908.97
11352,86496753.31
11354,61657188.28
11356,50166110.04
11357,125958730.04
11358,58025490.16
11359,90930399.82
11360,258606305.16
11361,80255103.84
11362,117962703.89
11364,96399427.68
11365,78923272.89
11366,79009726.47
11367,114693095.42
11369,259026544.7
11371,76315327.83
11372,44381561.91
11373,66694387.05
11374,102783848.88
11375,48145593.73
11376,64927177.09
11377,100857616.43
11378,105585027.09
11379,185244631.81
11380,81134321.56
11381,154469362.07
11382,97522418.16
11383,96088534.22
11384,142688426.17
11385,45055418.7
11386,131919892.68
11387,71749668.04
11388,57812773.77
11389,37467351.73
11390,66187888.96
11391,100668025.83
11392,62960658.96
11393,77944767.45
11395,78080712.12
11396,99161179.01
11397,113967345.19
11398,213535085.7
11399,82059765.35
11401,69308558.77
11403,121357127.12
11404,146491196.13
11407,73325675.21
11408,71166704.36
11409,147490733.36
11410,98130935.87
11411,92787629.68
11412,82787978.07
11413,73834263.47
11414,135304776.45
11415,68311203.11
11416,63035692.62
11417,115922124.89
11418,57399738.23
11419,108290282.45
11420,112372430.21
11422,112933374.28
11423,86047505.26
11424,94163059.67
11425,93240416.14
11426,112255813.34
11427,74098296.19
11428,79597776.58
11429,74035244.76
11430,102402248.09
11431,158474308.29
11433,66058127.33
11434,102046094.21
11435,184692894.22
11436,85330218.9
11437,139680898.15
11438,55237383.33
11439,287288997.32
11440,73019235.51
11441,86714843.54
11442,81292568.64
11443,87700108.5
11445,101629313.6
11446,62078982.28
11447,219211799.48
11449,58125504.37
11450,155941501.14
11452,174160559.9
11453,165403427.56
11454,90100621.72
11455,109177129.95
11456,137421929.64
11457,107921836.99
11458,110213438.75
11459,71430670.34
11461,70689864.74
11462,103893387.0
11463,93840947.26
11464,127005014.94
11465,42433092.14
11468,70915582.87
11469,85108204.4
11470,80025191.25
11473,146528358.22
11474,159570289.21
11475,69470837.41
11476,40685223.96
11478,85474261.9
11479,56176788.2
11480,84507583.53
11481,79666798.42
11482,151459037.78
11483,96034662.29
11484,68597586.75
11486,120470680.82
11487,78322681.53
11488,111194094.82
11489,146513920.39
11490,86630924.94
11491,205013120.61
11492,124658210.98
11493,88799977.22
11494,107926195.48
11495,94569984.76
11496,43002870.24
11497,85925476.85
11498,36692583.72
11499,121844110.95
11500,39220377.3
11502,87719002.76
11503,65718028.67
11504,91573316.13
11505,96044771.74
11506,119138984.94
11507,125871729.87
11508,57922640.75
11509,47104438.1
11510,80604903.7
11511,254977891.04
11512,72275634.3
11514,65552806.03
11515,166616937.42
11516,72638830.48
11518,131199534.29
11519,58220030.92
11521,146613659.77
11522,61166626.31
11523,63679158.87
11524,84919345.55
11525,37644268.76
11526,113691174.52
11527,45113964.06
11528,145932713.85
11529,57709276.4
11531,65434374.46
11532,88116804.02
11533,93980778.95
11534,43430616.74
11535,63995995.17
11536,94153037.55
11537,110244321.78
11539,107255583.22
11540,155434017.78
11541,155126435.89
11542,92462763.57
11544,90168165.25
11545,76461048.33
11546,79572537.25
11547,118052596.7
11549,43349979.7
11550,114584885.89
11551,50922145.24
11552,102503934.37
11553,53762660.61
11554,66491454.72
11555,50991289.76
11556,125848908.95
11557,101143818.95
11558,70220070.46
11560,58190598.65
11561,130378448.27
11562,65283066.27
11563,86410493.02
11564,124412582.44
11565,100170440.83
11566,46163136.21
11567,77333442.62
11568,58367301.76
11569,122873629.49
11570,80000765.29
11571,121595663.58
11572,100566524.97
11573,64547871.65
11574,71903766.35
11575,73950608.47
11576,55846925.8
11577,132686865.31
11578,59066203.24
11579,316849571.78
11580,103211379.35
11581,78167345.06
11582,75806688.28
11583,79420517.77
11584,76239080.14
11585,57543033.04
11586,56154543.66
11587,38596176.6
11588,158052203.04
11589,146754869.83
11590,79218229.51
11591,58052270.91
11592,141040843.25
11593,131320450.31
11594,70590310.36
11595,101503251.88
11596,69417607.29
11597,94990094.06
11598,244158115.45
11599,108032479.98
11600,79970519.57
11601,79896735.89
11602,71339861.23
11603,57243891.69
11604,76426271.18
11605,87817510.5
11606,99143480.29
11607,75246106.76
11608,71139154.45
11609,84299945.47
11610,186928108.08
11611,69914091.96
11612,79444920.0
11613,108786447.54
11614,61020908.11
11616,119013101.97
11617,55409866.26
11619,76276888.24
11621,37816484.74
11622,63986025.33
11623,102982414.3
11624,214049059.43
11625,93144828.5
11627,83902086.72
11628,72093923.0
11629,42971002.28
11630,77590183.04
11631,50626598.94
11632,53123007.01
11633,39131115.48
11634,122905713.84
11635,45626983.01
11636,63634948.43
11637,114017150.05
11638,68833409.06
11639,53203170.64
11641,90342207.89
11642,189404020.84
11643,43869520.13
11645,73301414.26
11646,87350673.4
11647,56167329.05
11648,100284196.64
11649,87361994.74
11650,69325767.91
11651,72126517.03
11652,43331341.07
11653,44285755.07
11655,65030441.35
11656,83141056.3
11657,76688586.21
11658,70298239.29
11659,97911077.69
11660,77660447.32
11661,48956537.11
11662,132472274.26
11665,55377683.6
11666,115313272.58
11667,74658113.61
11668,156832749.83
11671,264344568.6
11672,108903387.31
11673,127448336.69
11675,91251486.94
11676,64483451.39
11677,54281116.4
11678,147659648.47
11679,64801748.52
11680,55397191.01
11681,61514786.86
11683,91741957.95
11684,140191916.65
11685,71386294.68
11686,138731755.96
11687,102480761.92
11688,108370894.73
11689,72170873.34
11690,79294443.65
11691,88922499.02
11692,65817078.98
11693,80319244.78
11694,68198927.89
11695,47133509.42
11696,68982024.81
11697,87140156.94
11698,85851065.91
11699,107120918.95
11700,72960508.38
11701,161361173.84
11702,97682789.68
11704,67349110.4
11706,77683463.9
11707,80628203.07
11710,97274638.12
11713,54044710.68
11714,102106727.95
11715,109733143.28
11718,56354245.86
11720,61677075.84
11721,101845673.89
11722,60660355.24
11724,117188879.85
11725,82712333.63
11726,145914758.05
11727,45317686.09
11728,72296842.72
11729,110315764.85
11730,65793327.75
11731,60282625.5
11732,63518843.99
11733,87980608.29
11734,54734736.65
11735,64552793.25
11736,93185545.8
11737,85128833.88
11739,121081520.89
11741,80681803.05
11743,124982372.91
11744,61502730.79
11745,167844700.37
11746,95917985.28
11747,194412808.45
11748,93914050.59
11749,79591072.33
11751,93199769.96
11752,65683544.5
11753,155490096.38
11754,332256878.97
11756,121475196.61
11757,195349553.6
11758,213916980.5
11759,86462003.84
11760,96980654.76
11761,50872611.29
11762,122253554.89
11763,143127404.75
11764,65758437.15
11765,59818241.67
11766,164070931.17
11767,74171063.08
11768,128905640.39
11769,91868509.21
11770,46846033.03
11771,166562082.15
11772,79922155.5
11773,79399573.93
11774,122667113.62
11775,186017608.24
11776,104550099.13
11778,116215993.69
11779,116103233.34
11780,79057161.91
11781,109980789.65
11782,33443404.53
11783,73559923.44
11784,168252677.15
11785,60350454.1
11786,158828365.11
11787,40343070.67
11788,55512474.25
11789,80237118.21
11793,112450626.7
11794,136566191.28
11795,111747284.52
11796,91214096.6
11797,100937538.97
11798,68482737.49
11799,60159120.48
11801,141410871.58
11802,61833844.3
11803,64153154.11
11804,183496307.71
11805,54578818.85
11806,62273932.69
11807,68979186.18
11808,66166600.08
11809,82963961.84
11810,82013581.97
11811,66362531.94
11812,94979804.87
11813,69659339.32
11814,129733833.86
11815,136182302.08
11816,110543608.9
11817,40867620.77
11818,66723927.35
11819,109708264.59
11820,119881110.19
11821,150541037.23
11822,155545359.49
11823,95458102.28
11824,87610696.49
11825,75783316.08
11826,116064753.28
11827,58156740.24
11828,91913609.82
11829,83956373.66
11831,98932361.26
11832,90332579.71
11833,77429036.51
11834,187084973.0
11835,63718770.3
11836,55476190.51
11837,87893588.76
11838,64661771.05
11840,54304592.53
11841,81475753.23
11842,78731336.15
11843,99498436.39
11844,123283891.86
11845,87306380.07
11846,90367781.0
11847,65969937.6
11848,64974610.33
11849,147832592.8
11851,72656448.86
11852,92271550.33
11853,49755868.39
11855,94497523.74
11856,64990359.9
11857,177477693.96
11858,63253741.75
11859,60453972.71
11861,136275594.69
11862,120026155.35
11863,68539013.44
11864,70714673.69
11865,159197852.6
11866,141319945.91
11867,261172979.7
11868,80689329.98
11870,54071012.28
11871,88936760.32
11873,74876037.27
11874,119996078.26
11875,91982542.15
11876,80841163.06
11878,93394332.77
11879,73304040.2
11880,135880089.29
11881,64180357.3
11882,105360091.47
11883,94922285.07
11884,64845808.27
11885,76869789.44
11888,85811114.27
11889,59038972.08
11890,202976301.27
11891,77608368.9
11892,55989181.82
11895,83477155.26
11896,125794117.77
11899,271030703.74
11900,162519693.77
11901,82948593.76
11904,52477863.93
11905,133613994.56
11906,84042182.96
11907,130998837.46
11908,78323734.49
11909,86238831.03
11910,247918854.92
11911,165824267.16
11912,108269029.1
11913,170817889.02
11914,57548890.97
11915,74059181.63
11916,112496873.48
11917,66175905.19
11918,142759451.18
11919,71686421.0
11920,47260405.02
11921,107371391.13
11922,63562328.09
11923,82617725.1
11924,50826279.65
11925,66367561.73
11926,63665251.5
11927,202572383.36
11929,152325409.12
11930,164152814.63
11931,52654356.77
11932,124314986.0
11933,115505363.22
11934,95899568.29
11935,97469317.3
11936,71842935.36
11937,46151680.56
11938,44721354.38
11939,62149510.94
11943,137506764.39
11945,184564108.41
11946,226520428.82
11947,72672885.59
11948,142957806.75
11949,76886594.35
11950,51196210.93
11951,65272565.88
11952,63233152.91
11953,60090634.88
11954,100646198.13
11955,70022064.35
11956,107409685.48
11957,65763413.58
11958,59001501.85
11959,108361334.36
11960,443608567.18
11961,56882417.66
11962,59327689.18
11964,91163644.28
11965,114302017.04
11966,149061875.19
11968,61565321.33
11969,85035709.1
11971,80023626.47
11973,72944237.75
11976,120121042.22
11977,73859904.8
11978,112218897.74
11979,68787701.94
11981,188985300.51
11982,82252016.39
11983,64311860.35
11984,52650112.3
11985,130242027.06
11987,139281020.94
11988,231202093.27
11989,96945985.23
11990,79395785.91
11992,93260609.61
11993,226741793.0
11994,114555502.89
11995,83866105.83
11996,97783646.57
11997,91704680.86
11998,161916895.04
11999,109952749.35
12000,207960977.41
12001,101546716.54
12002,81091659.94
12003,161407164.58
12004,151525211.35
12006,224801279.65
12007,56752648.02
12008,93431500.06
12009,70130454.15
12010,236284488.44
12011,69596241.28
12012,39740436.88
12013,100209864.16
12014,49282492.19
12016,64865934.7
12019,234823832.94
12020,172446798.37
12021,388949248.58
12022,61932957.77
12024,217778722.99
12025,68749007.68
12026,89451502.15
12027,81125552.5
12028,228414101.17
12029,81904042.64
12030,81400028.53
12031,58457676.3
12032,51678941.23
12033,67942106.02
12034,97454241.83
12036,269175009.44
12037,97935449.61
12039,253626711.84
12040,126560425.48
12041,67776855.92
12042,72649236.81
12043,160587100.66
12044,65683031.67
12046,66221812.13
12047,127369582.1
12048,62607659.34
12049,52868588.15
12050,142837803.06
12051,61151366.08
12053,67390355.01
12054,184658734.38
12056,93897324.14
12057,73460615.5
12058,40635904.91
12059,128697684.89
12060,54939856.79
12061,122694929.37
12062,97626694.45
12063,47326383.41
12064,51228456.36
12065,74410382.3
12066,71456499.47
12067,47284741.93
12068,74439603.83
12069,68539581.18
12070,82163539.74
12071,76435125.54
12072,87253218.14
12073,83959101.69
12074,134158681.47
12075,43503000.97
12076,103630007.22
12077,91705000.0
12078,135140701.53
12079,165413386.74
12080,44751946.07
12081,54984731.19
12082,67919090.02
12083,68726805.36
12084,40660568.49
12085,136348587.86
12086,60070105.45
12087,327899368.74
12088,92369767.72
12089,74258652.3
12090,78693994.21
12092,47943229.17
12093,45781747.22
12096,57114585.24
12097,211090909.63
12098,88622604.96
12099,106562115.88
12100,90561759.79
12101,89832134.21
12102,97453312.3
12103,80302713.17
12104,55030086.73
12105,48286166.98
12106,74623569.63
12107,151798557.13
12108,251759252.95
12109,77111438.02
12110,145873264.6
12111,66850197.94
12112,103434150.39
12113,293761892.88
12114,59504204.12
12115,198183252.44
12116,128045983.4
12117,83961724.11
12118,400979193.3
12119,84928261.78
12120,64020522.73
12121,56447036.56
12122,59429877.92
12123,152501542.33
12124,103016085.86
12125,84947551.62
12126,70179574.31
12127,105885129.53
12128,73847790.73
12129,225643737.57
12130,58397834.51
12131,76423602.94
12132,121884719.38
12134,179378453.24
12135,78461958.68
12136,72854887.21
12137,119369249.4
12138,43664013.31
12139,254085519.87
12140,60244965.41
12141,136657097.96
12142,92170187.22
12143,88478887.36
12144,161789317.19
12146,96478755.19
12147,78839190.81
12148,98656893.25
12149,36315022.93
12150,64156523.21
12151,141149491.06
12152,130742439.99
12153,105341895.76
12154,120371907.59
12155,165868373.65
12156,56334717.55
12157,88809141.82
12158,210640418.11
12159,64314011.48
12160,58111075.14
12161,109438974.65
12162,87260024.06
12163,69425356.51
12164,52895744.34
12165,81647113.11
12166,115818738.74
12167,74893291.27
12168,102142609.13
12169,102925553.91
12170,77822200.04
12171,88992108.14
12172,62553976.49
12173,53020682.18
12174,78435972.35
12176,44749353.37
12177,248863736.09
12178,85973273.08
12179,87811867.36
12180,110597995.77
12181,94877870.72
12182,58235642.83
12183,70313572.08
12184,140321469.24
12186,95881578.26
12188,153705767.55
12189,68312010.03
12190,68327827.05
12191,80005608.29
12192,58410725.93
12195,61195140.1
12196,108672855.08
12197,237416319.96
12199,108771491.49
12201,213217359.89
12202,182568559.14
12204,101285844.84
12205,53102874.42
12206,71443313.59
12207,55289889.75
12208,108508798.65
12210,79660218.6
12211,83869849.53
12212,64573156.04
12213,143068541.88
12214,73572065.06
12215,181607765.6
12216,59873430.0
12217,245880119.52
12218,90497883.64
12221,101810289.74
12222,46754771.91
12223,78817167.51
12226,56591563.65
12227,49105155.93
12229,77008358.57
12230,173173967.02
12231,100042363.0
12232,69393308.03
12234,68767537.55
12235,179700302.87
12236,63487185.24
12237,222435315.81
12238,54078419.72
12239,164040920.31
12240,125127607.02
12241,81645860.7
12242,109464554.71
12243,61547781.23
12245,177252837.05
12246,73075772.45
12248,110435108.66
12250,259254047.88
12251,104607757.95
12252,93020286.59
12254,140355928.94
12255,56042324.95
12257,108574671.24
12258,93278245.6
12261,55951703.1
12262,189801038.46
12263,226987178.1
12267,57397286.7
12268,93801155.47
12269,275584420.7
12270,251044485.72
12271,124260796.24
12272,217241372.58
12273,67012614.68
12274,76900661.06
12275,206107847.93
12276,250975970.86
12277,116593402.01
12278,125243593.14
12279,71056423.81
12280,72151097.84
12281,114712779.03
12283,44088606.8
12284,44797587.44
12285,66419359.25
12286,138082257.45
12287,85214808.61
12288,85186044.62
12289,53335255.92
12290,42623342.72
12291,91264116.37
12292,101407120.49
12293,245228197.34
12294,120292565.16
12295,45241604.04
12296,127340416.33
12297,146076241.83
12298,228072048.34
12299,62362378.33
12300,164854047.33
12301,99088315.01
12302,64470165.02
12304,89943933.41
12305,75544274.13
12306,64334001.5
12307,117189940.61
12308,234107462.18
12309,81601518.92
12310,74009216.86
12311,76597522.67
12312,52414934.5
12313,115121828.3
12314,64121175.92
12315,80496397.85
12316,62200957.09
12317,74571562.5
12318,86196914.84
12319,149661732.97
12320,178561245.33
12321,79936776.94
12322,41546186.94
12323,109071516.44
12324,101939117.81
12325,80411931.39
12326,207320832.8
12327,34584118.29
12328,157503117.31
12330,118389661.15
12331,122170801.7
12332,69532867.79
12333,87238793.89
12335,74056882.04
12336,105875500.77
12337,105948845.09
12338,100868983.47
12339,84879082.83
12340,210804185.1
12341,167611787.56
12342,94375235.05
12343,77210435.07
12344,87646434.14
12345,89370207.67
12346,170721219.94
12347,83641446.42
12348,71531112.15
12350,72637893.51
12351,302506650.13
12354,173658677.7
12355,85899315.84
12356,66031289.51
12357,194134889.79
12358,62039597.42
12359,49952395.56
12360,50352471.39
12361,57090441.63
12362,83719876.15
12363,88432327.0
12364,83034165.83
12365,184051923.48
12366,96493869.69
12367,79444047.83
12368,189091302.2
12369,100903466.78
12370,162859087.93
12371,234558503.6
12372,101692439.8
12374,95985887.22
12375,40661605.93
12376,49563789.81
12377,74246070.76
12378,90203808.13
12379,90701768.01
12381,93269958.76
12382,68490545.69
12383,86765322.87
12384,77861570.32
12386,50230289.66
12387,60804143.87
12389,70949113.18
12390,58570859.01
12392,138665314.44
12393,53271367.39
12394,62506973.37
12395,66874599.08
12397,84843525.85
12398,75734310.9
12399,82092980.77
12400,118349055.47
12401,87715129.29
12402,59902663.07
12403,85026262.96
12404,52298349.21
12406,117038171.42
12407,133636015.96
12408,336469041.0
12409,129553284.32
12410,46125617.59
12411,204498792.11
12412,52717377.95
12414,76744231.1
12415,172093853.33
12417,157503633.29
12420,94725801.58
12421,79775904.38
12422,90977611.62
12424,105140298.22
12425,143085068.81
12426,94416954.86
12427,97633509.91
12428,145735680.11
12429,51617267.55
12430,66978815.49
12431,153403060.06
12432,63318966.17
12433,101272195.3
12434,75186257.48
12436,84549038.49
12438,156817838.65
12439,157959644.18
12440,233681713.22
12441,135838659.59
12442,51131831.29
12444,59677862.0
12445,46635997.47
12446,282093738.0
12449,56451316.08
12450,208664584.48
12452,78514088.91
12453,45898991.69
12454,57046338.49
12455,37562604.13
12457,94231742.39
12458,90393523.2
12460,91978543.42
12461,103900544.63
12462,81704395.97
12463,67344881.82
12464,40756454.89
12465,250065561.26
12466,48762771.37
12467,44918125.4
12468,88198077.02
12469,89478242.03
12470,82579289.51
12471,70139526.71
12472,132059734.65
12473,80336007.76
12474,77404716.72
12475,202781667.94
12476,58501628.4
12477,59685809.19
12478,73582159.85
12479,44226361.91
12481,112765130.08
12482,42151187.29
12483,102177474.32
12484,99112940.78
12485,35150012.04
12486,55400281.87
12487,140264633.24
12488,83611505.17
12489,113846903.66
12491,70226874.93
12492,72820020.44
12493,97505855.78
12494,71302457.47
12495,56786892.51
12496,129535923.2
12497,156923029.48
12499,56732786.49
12501,70536175.59
12502,60615565.7
12503,54708483.77
12504,262108878.02
12505,120704779.83
12506,112837927.03
12509,121648835.03
12510,71503685.12
12511,64471443.98
12512,60386617.88
12513,86470703.92
12515,52037643.28
12517,119181610.53
12518,138365755.42
12519,103320265.61
12520,121805797.15
12521,116855784.6
12522,106058976.48
12523,56480412.04
12524,68720489.21
12525,96021577.3
12526,236267174.68
12527,84421800.1
12528,100577948.64
12529,84785362.54
12530,104674757.23
12531,110050912.19
12532,83760767.67
12533,41050159.59
12534,70921174.51
12536,104773649.67
12537,89817007.48
12538,89928799.13
12539,219976796.16
12540,84153086.64
12541,57825582.56
12542,103545281.61
12543,60257196.27
12544,68451841.95
12545,82053675.08
12546,157803342.15
12547,71991212.31
12548,103032991.23
12549,231277748.78
12550,81720862.61
12551,59111058.5
12553,181617989.95
12554,81895542.19
12555,73728776.42
12556,133964151.79
12557,64658976.82
12558,143552518.55
12559,94496758.73
12560,87584467.26
12561,102082742.02
12562,151307769.1
12563,115830665.94
12565,127592478.29
12567,72543458.88
12568,85784480.54
12569,48441258.81
12570,81061164.47
12571,47155305.47
12572,204379667.27
12573,101168280.94
12574,157092782.83
12575,100979754.47
12576,141634198.88
12577,85279934.13
12578,378612194.64
12579,141925361.08
12580,166274524.0
12581,112741750.68
12582,73466058.05
12583,80841718.42
12584,56152310.78
12585,79672267.43
12586,69864474.64
12587,139153056.47
12588,79256212.04
12590,91107463.39
12591,89250724.88
12592,55458714.06
12593,49532667.46
12594,212757869.24
12595,126759126.42
12596,109163266.87
12597,60592847.04
12598,71553396.5
12599,110544052.14
12600,71022471.27
12601,92724717.22
12602,40137796.45
12603,297810340.47
12604,76418777.96
12605,104759217.83
12606,94992397.39
12607,109003195.69
12608,88101967.38
12610,64225437.95
12611,90420655.58
12612,80293711.95
12613,178520418.02
12614,96372035.63
12615,58041300.99
12616,156132329.63
12617,147328829.65
12618,88090593.81
12619,32520345.81
12620,51393970.83
12621,245643199.08
12622,95940360.08
12623,89777459.25
12625,59671728.61
12626,163275560.82
12627,171678663.03
12628,52454336.55
12631,91982379.72
12632,72781651.81
12633,81921843.7
12634,98585513.08
12635,192503965.06
12636,102007914.09
12637,98275743.76
12638,66473346.37
12639,165184876.11
12640,64649972.29
12641,72769798.66
12643,57065684.3
12644,197004232.49
12645,68146028.67
12646,77852337.42
12647,153549120.74
12648,127050221.69
12649,56244412.11
12650,47824165.81
12651,86998010.81
12652,105768682.55
12653,77399614.37
12654,77731869.27
12655,154716200.14
12656,61414138.29
12657,60496621.86
12658,65134536.37
12659,52825748.21
12660,142336382.42
12661,145650225.0
12662,148344516.36
12663,318674145.0
12664,118842924.87
12665,164864767.33
12667,152387176.01
12668,49412362.74
12669,89689629.07
12670,190063766.76
12671,50544423.72
12672,49884737.3
12673,52285755.13
12675,117031805.25
12676,123665645.93
12677,72000076.26
12679,193457636.41
12681,104760619.86
12683,122289326.9
12684,217174062.34
12686,88860891.3
12687,64635250.83
12688,200225949.48
12690,200866222.54
12691,109537077.75
12693,83739760.1
12694,117063538.95
12695,70906302.2
12696,48126169.26
12698,135874182.45
12699,88523167.95
12700,55342141.98
12701,69676931.35
12702,61776527.23
12703,86332781.47
12704,181204203.18
12705,142194602.15
12706,138476860.42
12708,58259481.2
12710,66016830.41
12711,127554554.58
12712,192707609.12
12713,59693665.11
12715,76092690.89
12716,59552533.84
12717,128582694.74
12718,58476518.27
12719,196883656.08
12720,198003588.09
12721,69226834.51
12722,47689468.44
12723,72726217.17
12724,86272263.51
12725,74362216.55
12727,66096123.66
12728,67917303.85
12729,89765731.86
12730,73346538.28
12731,213254054.7
12732,51134976.97
12734,219737696.92
12735,116576143.13
12736,79137547.04
12737,91990573.96
12739,92543062.5
12740,27013558.37
12741,115532791.99
12742,83760040.0
12744,119515154.04
12745,97948149.78
12747,45966183.92
12748,62414147.16
12749,92014372.07
12750,131997581.77
12751,50178292.36
12752,70971996.95
12753,76294119.63
12754,92106712.79
12756,89436651.14
12757,244219259.14
12758,93998854.72
12759,90013426.12
12760,115919741.32
12762,178099912.24
12763,125886623.59
12764,65478766.22
12765,60833378.63
12766,108176215.83
12768,222005832.9
12769,64056968.66
12770,73717106.99
12771,156077681.32
12772,110402123.62
12773,67073280.85
12774,81338585.47
12775,47317871.57
12776,130670265.38
12777,238765243.1
12778,139247612.24
12779,67159083.13
12780,34951034.76
12781,55204208.54
12782,199529188.08
12783,86606163.06
12784,85308044.47
12786,103944641.36
12787,56093470.18
12788,77427116.99
12789,162842623.12
12790,86056300.64
12792,192882826.96
12794,70151041.39
12795,72511014.82
12796,187421109.27
12797,181652926.44
12799,104692121.55
12800,60254060.54
12803,58142800.43
12805,103167496.26
12806,67276414.38
12807,66663335.01
12808,70324593.34
12809,127019341.08
12810,95853854.59
12811,43959013.95
12812,383309164.64
12813,58433255.66
12814,62926900.19
12815,117573578.35
12816,89765219.62
12817,84479832.77
12818,179348288.42
12819,100400509.16
12820,120565275.61
12821,60507001.9
12823,64391050.13
12825,128160534.68
12826,95375027.52
12827,90026883.29
12828,99237757.53
12829,127452463.43
12830,84148381.04
12831,65386965.58
12832,137707748.61
12833,265849890.9
12834,92228388.31
12835,145414452.55
12836,75029891.63
12837,71765828.23
12838,84645498.12
12839,117239178.17
12840,57978656.79
12841,182318191.93
12842,104539555.17
12843,131276557.1
12844,74187347.35
12845,48113360.53
12846,322310390.53
12847,71745569.78
12848,341262911.2
12849,65268991.73
12850,45802303.47
12851,100430190.38
12852,68760665.35
12853,73405711.66
12854,103960129.75
12855,124625992.23
12856,69123301.57
12857,196705750.11
12858,58099472.31
12859,148364548.16
12860,113998455.44
12861,81697073.16
12862,94307998.11
12864,122950312.54
12866,133958982.36
12867,50196121.0
12868,91767844.73
12869,117369530.75
12870,101900238.29
12871,51113982.68
12872,176431843.65
12873,58160174.67
12874,80595806.38
12875,42324736.38
12876,83400525.46
12877,182812057.55
12878,44329238.8
12879,39761678.3
12880,46247112.93
12881,56622922.43
12882,91689418.86
12883,68742393.92
12884,71625374.59
12885,66590057.94
12886,72357612.83
12887,46443416.9
12888,32693491.12
12889,122900545.87
12890,106588442.29
12891,36075416.84
12892,58137263.08
12893,53708882.19
12894,100814987.74
12895,58098128.05
12896,120399852.0
12897,126525623.64
12898,123086844.96
12899,75499391.47
12900,152933262.47
12901,150353569.8
12902,83838200.97
12903,193525394.3
12904,104349400.89
12905,62146748.18
12906,96563702.87
12907,225983727.59
12908,87257787.32
12909,117418823.18
12910,216338624.64
12912,156986180.7
12913,92041342.39
12914,145882282.23
12915,100335114.9
12917,72939455.45
12918,94586041.1
12919,80440241.61
12920,112387944.88
12921,111839201.82
12922,70044273.5
12924,248286806.81
12926,32221415.52
12927,126048785.74
12929,58043405.85
12930,106910326.95
12931,100460326.82
12932,73949739.56
12933,79998686.88
12934,52115213.59
12935,94525359.09
12936,63803192.41
12937,64466131.68
12939,88661512.78
12941,49452580.27
12942,49710019.29
12943,111027287.94
12944,119949173.1
12947,113745835.39
12948,88367880.4
12949,53076555.62
12950,86530401.8
12951,251520747.21
12952,150647786.04
12954,76724467.77
12955,88145190.92
12956,193109597.13
12957,125273749.52
12958,124086942.25
12959,119055936.98
12960,77435075.95
12961,54825832.32
12962,98724133.99
12963,145234681.57
12964,72345160.58
12965,229537876.64
12966,73346146.12
12967,62438212.51
12969,78516934.29
12970,170203697.31
12973,74494252.42
12974,58387005.32
12975,70151637.05
12977,61535874.05
12978,41030394.89
12979,53752752.42
12980,77906949.9
12982,271264527.69
12983,79375804.85
12984,55524092.04
12985,181205540.18
12986,148901988.99
12987,89538198.04
12988,67202694.73
12989,96873560.53
12991,137776323.26
12992,103380405.3
12993,177484707.87
12994,88950604.7
12995,77126400.26
12996,66317706.51
12997,154475157.4
12998,109628909.12
13000,50629838.69
13001,118476555.23
13002,224798666.25
13004,49070583.23
13006,169176163.98
13007,55449303.36
13008,84445374.0
13009,93693957.17
13010,88376251.14
13011,113994387.76
13012,70723404.31
13013,77852499.32
13014,278925292.15
13015,54176151.52
13016,85464859.04
13017,192009673.02
13018,157136887.14
13019,146059801.85
13020,74186861.82
13021,89799046.03
13022,202259358.48
13023,98891096.11
13024,161851132.31
13025,164728913.02
13026,160059621.0
13027,101349659.1
13028,79475621.81
13029,71781002.21
13031,67502972.03
13033,51113018.83
13034,56494998.49
13035,43702365.83
13036,133238802.02
13037,77995625.46
13038,165985100.26
13039,80709241.44
13040,109307869.57
13042,89441077.23
13043,79963225.21
13045,101522607.96
13046,161915855.01
13047,70252608.28
13048,61300473.26
13049,71634851.82
13051,71275652.15
13052,51128196.96
13055,62473931.13
13056,86678169.46
13057,68405796.23
13058,36334509.54
13059,79506007.77
13061,53110563.84
13062,150092160.6
13063,59879933.79
13064,82983702.65
13065,155408456.27
13066,51681952.51
13067,66323655.65
13068,95539123.53
13069,59827003.68
13070,86002997.09
13071,75540691.48
13072,128812308.83
13073,83048979.15
13074,84661261.62
13075,142838484.0
13076,79456440.64
13077,37861269.14
13078,106027935.95
13079,88973352.11
13080,92058127.75
13081,141480099.56
13082,118149559.94
13083,330009016.78
13084,74358562.22
13085,66871830.82
13086,84602125.41
13087,61010022.63
13088,115817986.48
13089,79820782.28
13090,87877662.12
13091,69683465.19
13092,91857678.92
13093,73262460.19
13094,145095793.5
13096,88836800.6
13098,137221831.91
13100,32926896.83
13101,86493584.57
13103,221846704.77
13104,145293909.51
13105,78670338.48
13107,120661777.79
13108,254311969.58
13109,48463277.03
13110,39879038.54
13111,95782872.11
13112,103451656.09
13114,77300816.96
13115,45924726.01
13116,77759717.31
13117,54188321.75
13118,124636103.32
13119,34459279.32
13120,102487409.23
13121,72703595.24
13122,128889641.6
13123,216739726.1
13125,50224876.18
13126,155802272.34
13127,45760200.88
13128,65265190.99
13130,73362845.61
13131,58634411.68
13132,39617968.39
13133,140792509.08
13134,95486765.21
13135,97375128.56
13137,145868268.56
13138,90842862.06
13139,122456660.99
13140,45127824.05
13141,54121728.74
13143,202607421.48
13144,49827888.43
13145,101462424.79
13146,69322563.09
13147,40241230.15
13148,211847168.75
13149,54910451.19
13150,150955890.97
13151,80548324.87
13152,75396850.89
13153,87941945.29
13154,69447394.61
13155,95238768.02
13156,117484897.99
13159,54459228.76
13160,164772890.4
13161,186972929.68
13162,169983578.86
13163,100803503.15
13164,88364482.99
13166,94751005.87
13167,92482031.65
13168,217659789.09
13169,80352043.84
13170,82310675.99
13171,74347191.57
13172,116763027.7
13173,68698160.24
13174,61009786.75
13175,67134445.38
13176,62819813.39
13177,80657304.78
13178,83955676.85
13179,71451924.78
13180,88495951.01
13181,90336405.93
13182,165427337.17
13183,67287854.82
13184,166312332.96
13186,59248826.22
13187,165571589.97
13188,57909696.94
13190,63449586.12
13191,49435995.69
13192,145347050.82
13193,236747344.44
13194,68707475.41
13195,195008617.53
13197,104088666.75
13198,99511061.8
13199,122191624.19
13200,75631788.64
13201,82230545.07
13202,54292709.77
13203,63633313.45
13204,219470604.81
13205,75797497.47
13206,85989538.02
13207,67568703.51
13208,105002436.43
13209,90738517.97
13210,63555917.44
13211,138839170.75
13212,203757166.04
13213,177529335.49
13215,204158755.51
13216,145544020.53
13217,74559690.88
13218,232954767.93
13219,56271468.46
13220,189978719.43
13221,61749784.78
13222,128881828.21
13223,192868592.11
13224,93611070.36
13225,35232031.57
13227,84063454.89
13228,158377027.41
13230,86518611.17
13232,86036389.7
13233,75868047.6
13234,139245247.69
13235,49499637.95
13236,101423717.34
13237,302912684.58
13238,73691339.44
13239,146107477.95
13240,108103326.01
13241,49968357.29
13242,70120011.49
13244,77172844.09
13245,89496246.03
13246,235009212.85
13249,101405462.2
13250,103121329.06
13251,63127072.87
13252,281852278.79
13253,64834353.3
13254,33190546.76
13255,66694986.52
13256,59995850.92
13257,55544464.84
13258,68832456.13
13259,119399403.69
13260,129275585.67
13261,103624019.45
13262,108033446.05
13263,108816482.37
13264,56506018.72
13265,89206682.87
13266,262615412.41
13267,142785034.85
13268,57529828.51
13269,281373843.2
13270,104536890.56
13271,194479599.4
13273,159570952.37
13274,124348542.07
13275,68996024.45
13276,116347678.4
13277,94783336.9
13278,106412405.2
13279,144479551.5
13280,154418586.05
13281,137392579.44
13282,126394259.4
13283,85850367.34
13284,79343848.81
13285,49769657.53
13286,160527091.85
13287,64337669.19
13289,52568468.88
13290,58483849.02
13291,95892078.06
13292,38260035.91
13293,172878391.81
13294,108208332.97
13295,203000922.53
13296,104836778.74
13298,90635609.44
13299,100364611.87
13300,85009089.52
13301,89435414.05
13302,56526063.9
13303,253664160.54
13304,78093589.77
13305,121841897.07
13306,56634956.06
13307,91830578.68
13308,68066880.5
13309,226681192.96
13310,144416586.8
13311,72921067.76
13312,191954427.93
13313,33866095.37
13315,83504270.24
13316,99334702.72
13317,140631570.72
13318,74398132.08
13319,51863556.59
13320,60986930.61
13321,96489267.21
13322,95611916.84
13323,134726944.45
13324,92692285.21
13325,80374403.31
13326,121831948.78
13327,84821014.04
13328,71273878.34
13329,87043511.22
13330,63277888.84
13331,71629932.47
13332,68820321.7
13333,48433510.67
13334,34385787.1
13335,97368575.2
13336,61823655.59
13337,91482914.08
13338,65063879.98
13339,135863374.24
13340,133121601.22
13341,47980760.04
13342,55751097.93
13343,118345257.23
13344,84258397.0
13345,56557281.17
13347,71419360.12
13348,142484018.7
13349,58258010.21
13350,58648916.95
13351,88994727.37
13352,78906774.6
13353,334075564.11
13354,96233507.89
13355,120524018.16
13356,101483352.66
13359,49909249.59
13360,97169217.83
13361,117043894.95
13362,103906644.7
13363,122115403.73
13364,151160281.44
13365,80061657.89
13366,97584330.69
13367,63424855.18
13369,37087234.91
13371,105974624.62
13372,194454124.64
13373,117927534.4
13374,109565263.65
13375,124834958.53
13376,116476262.09
13377,75542315.55
13378,65017175.15
13379,94181025.59
13380,197789362.54
13383,218188355.01
13384,86875833.24
13385,41586004.17
13387,92312872.86
13388,54714600.09
13389,73805056.92
13390,123829538.17
13391,232991764.21
13392,62819950.15
13393,83794879.97
13394,100802749.64
13395,85046397.18
13396,100594664.35
13397,49210526.63
13398,81287678.55
13399,103571510.11
13400,90286278.64
13401,109948765.33
13402,128637314.49
13403,103214718.86
13404,80472403.34
13405,98059320.36
13406,79736114.61
13407,63576003.45
13408,105110238.16
13409,85196217.05
13411,74254253.56
13413,154188089.04
13414,102658771.44
13415,55703093.19
13416,63588881.04
13417,76036673.85
13418,95368805.95
13419,119411894.21
13420,71516729.43
13422,159053259.2
13424,184952881.42
13425,99732213.97
13426,89724643.78
13428,162369677.5
13429,97288514.98
13431,44658345.26
13432,36624241.97
13433,87977721.65
13434,64508244.01
13435,85258459.63
13436,79276693.38
13437,71999792.98
13438,91429083.89
13439,77514191.9
13440,63405426.99
13441,57778770.28
13442,127950010.15
13443,78038268.08
13444,82012796.37
13445,97196542.64
13446,94555679.19
13447,130073859.4
13448,99998224.55
13449,63002349.01
13450,64383366.05
13451,165186343.04
13453,52056901.92
13455,46812031.08
13456,149272500.17
13457,125867955.85
13458,36973313.75
13459,137608767.66
13460,138129921.63
13461,280158430.95
13462,122850763.34
13463,123421925.04
13464,76832734.97
13466,99759095.09
13467,134390347.56
13468,199587466.71
13469,74856202.62
13471,72731360.82
13473,99320223.53
13474,157746866.56
13476,55906860.5
13477,93450869.84
13479,117205067.69
13480,64356236.52
13481,124731043.81
13482,62251507.91
13483,99716263.92
13484,173179611.8
13485,173470068.55
13486,54381483.88
13487,67332451.36
13488,126415881.5
13489,87817342.02
13490,107619501.24
13491,180835721.77
13492,57071746.58
13493,104111282.37
13494,76085001.69
13496,96014377.3
13497,128182991.49
13498,71912522.37
13501,118589102.64
13502,60501327.8
13503,75261978.73
13504,106898438.39
13505,48851439.26
13506,258948548.65
13507,97929811.11
13508,102986865.61
13509,96440065.9
13511,72137119.86
13512,72489418.18
13513,123022742.84
13514,202022099.12
13515,54298604.23
13516,170706017.28
13517,114492771.79
13518,104625374.66
13519,70663172.44
13520,45227179.44
13521,93654605.09
13522,209200810.61
13523,84817881.15
13524,120359485.58
13525,80287958.65
13526,67802586.4
13527,63196758.3
13528,60086913.83
13529,100324035.35
13530,53654999.77
13531,74583294.87
13532,57336694.14
13534,70591229.04
13536,105077233.97
13537,56946942.2
13538,63928565.43
13539,185262142.39
13540,116371459.22
13541,101323178.64
13542,63934884.54
13543,47913813.26
13544,84707302.7
13546,142255622.44
13547,129650621.37
13548,47046683.8
13549,112412718.25
13550,44340380.96
13551,70737788.29
13552,78596294.6
13553,113305708.35
13554,123887841.89
13557,33604144.79
13558,66270782.91
13559,61307237.88
13560,68897838.92
13561,134013983.9
13562,66243839.54
13563,63514684.7
13564,107525843.87
13565,156352854.5
13566,67155452.48
13567,106448647.51
13569,78180389.5
13570,236372080.28
13571,77962744.97
13572,122472781.49
13574,80108016.34
13575,71194594.67
13576,72098752.77
13577,76470694.06
13578,80645921.77
13579,77336208.7
13580,127844784.52
13582,91724768.79
13583,135592461.21
13584,155610735.43
13585,55371673.89
13586,84472657.02
13587,100971116.71
13588,113386550.78
13589,85614946.43
13590,56804363.42
13591,286963797.58
13592,83967812.97
13593,76466321.89
13594,76716928.34
13595,134652573.77
13596,189586424.23
13597,94988815.7
13599,114733418.8
13601,43355400.26
13602,39676266.52
13604,168291591.23
13606,39775023.89
13607,49702324.43
13608,57358185.28
13609,131616758.32
13610,48030800.03
13611,142622296.12
13612,104876387.82
13613,83807043.9
13614,121438216.54
13615,144087588.14
13616,57783259.93
13617,59021318.92
13618,109860181.6
13619,57852058.02
13620,78632551.42
13621,105710028.04
13622,101767897.01
13623,76686533.76
13624,74043803.48
13625,73668575.45
13626,72526975.81
13627,52679844.69
13628,49664243.81
13629,125034965.63
13630,270135208.4
13632,66673128.41
13633,78504959.56
13634,60777075.32
13635,106305119.84
13636,80245067.04
13637,63624449.38
13638,107641464.21
13639,177069428.96
13640,59123061.98
13642,110707393.11
13643,70952133.61
13645,78655541.5
13646,204705938.67
13647,90775520.31
13648,63717496.3
13649,38428784.41
13651,84197768.34
13652,211605422.6
13654,68572677.84
13655,39207669.88
13656,101909634.65
13657,99498949.25
13658,71329827.33
13659,57142874.68
13660,78279304.18
13661,63291181.38
13663,109814000.14
13664,85303572.32
13665,54493508.52
13666,48663654.29
13667,33624395.87
13668,84907005.28
13669,126578068.35
13670,57560880.81
13671,67762095.82
13672,113492250.46
13673,83980413.91
13674,179685788.81
13675,67112126.42
13676,61285902.78
13677,94036190.63
13678,76420409.07
13679,119420595.03
13680,43886529.82
13682,105165430.91
13683,160214228.1
13685,59990458.65
13686,158659104.47
13687,77067813.88
13688,74808909.4
13689,178835931.15
13690,51032048.53
13692,93334391.98
13693,169972950.91
13694,90097994.87
13695,131385625.06
13697,71605108.85
13698,213654625.21
13699,110966429.16
13701,116462701.04
13703,54239567.8
13704,91656894.52
13705,76545783.42
13707,152836652.8
13708,68654993.99
13709,65202711.95
13710,81916662.82
13711,131222220.49
13712,66532018.62
13713,104537684.36
13714,102515520.49
13715,88307611.52
13716,47406766.45
13717,89773672.78
13718,64629352.93
13719,77239617.84
13720,66321551.03
13721,74472771.99
13722,117321284.65
13724,71792983.11
13725,166631458.58
13726,182464740.39
13727,176412255.34
13728,71392239.27
13729,97720806.0
13731,110964530.39
13733,179384324.03
13734,183375249.06
13735,86648387.73
13736,76879383.17
13737,145285433.16
13738,115705084.26
13739,172887537.2
13740,164617224.3
13741,111263715.82
13742,163327188.42
13743,167275759.29
13744,185022855.63
13745,65567422.03
13746,132112190.7
13747,35713191.61
13748,68643431.93
13749,105968802.42
13750,194070033.86
13751,118389148.79
13752,101860691.9
13753,202027783.05
13754,158830741.64
13755,141841758.36
13756,151686649.42
13757,120117366.4
13758,147694674.56
13759,154146066.97
13760,62321873.6
13761,119983185.83
13762,55074663.88
13763,74842283.26
13764,54286634.87
13765,250557392.58
13766,88518774.53
13767,55106842.46
13768,105674403.56
13769,58644811.51
13770,53001314.76
13771,73894581.85
13772,84635070.12
13773,90877780.57
13774,202970414.9
13777,76534259.66
13778,108632828.55
13779,76404936.02
13780,56959826.07
13781,58421417.02
13783,119866178.07
13784,73568486.1
13785,75322553.39
13788,133179191.14
13789,63568086.64
13790,69116429.91
13791,132987157.06
13792,58854800.89
13793,71545854.57
13794,47084190.97
13795,78884131.91
13796,58798977.4
13797,76164896.98
13799,84646681.27
13800,98162674.36
13801,64805430.37
13802,73495327.63
13803,85137886.84
13804,65388545.85
13805,127442574.26
13806,76303227.0
13807,107557816.86
13808,211047007.89
13809,200666551.09
13810,81283322.7
13811,107229136.99
13812,142382606.2
13813,143782593.72
13814,68230030.16
13815,75130703.33
13816,74617795.35
13817,82053735.24
13818,77006761.57
13819,94229263.5
13820,284515181.72
13821,70097988.3
13822,123773835.85
13823,88236912.8
13824,92959771.71
13825,86141498.48
13826,44922611.89
13827,284275907.4
13828,113661655.47
13829,61700385.3
13830,48764791.8
13831,57853997.13
13832,83748866.86
13833,82019748.49
13834,141156906.75
13836,221416214.06
13837,90862988.42
13838,232954412.2
13839,70053873.43
13840,75305505.6
13841,47151629.1
13842,166433037.62
13844,184028877.09
13845,281339172.92
13847,102525705.51
13848,65270773.75
13849,126982934.07
13850,119816856.97
13851,72516639.83
13852,82638190.46
13853,31894844.43
13854,136096459.25
13855,112336310.65
13857,93960994.0
13860,117659291.16
13861,77166239.32
13862,70590998.2
13863,69917813.89
13864,46726095.7
13865,101965412.1
13866,80794359.97
13867,57325625.27
13868,83431160.38
13869,133811235.43
13870,52008453.06
13872,49632925.86
13873,51237397.28
13874,64391152.75
13875,53050478.26
13876,86428755.53
13877,78555601.96
13879,43218207.77
13880,98461439.89
13881,213631613.04
13882,73247978.11
13883,94158761.15
13884,115515400.15
13885,72953816.17
13886,87868633.67
13887,72372027.9
13888,49513396.64
13889,209288402.88
13890,110940122.73
13891,41744865.39
13892,222360490.91
13893,96139761.08
13894,41899910.59
13895,178845430.03
13896,88591988.74
13897,53361002.42
13898,57256616.84
13899,109009920.29
13900,82667807.35
13901,101327148.99
13902,69658898.6
13903,75533252.04
13904,216632282.5
13905,77779129.51
13906,62967594.51
13907,91726435.56
13908,72134796.98
13910,72189798.08
13911,239019098.88
13912,78941372.62
13913,246452444.6
13914,85573700.43
13915,64273010.69
13916,58708247.85
13917,60684304.59
13918,64603760.16
13919,95587624.61
13920,148257531.2
13921,90688399.12
13922,212406395.39
13923,92685589.12
13924,42882233.69
13925,95887745.77
13926,73524396.8
13927,298938927.94
13928,102627841.07
13929,96076752.34
13930,66297293.31
13931,80462175.98
13932,106599262.43
13933,133518144.77
13934,66710243.01
13935,101755443.17
13936,87367903.79
13937,47472767.02
13939,59366684.36
13940,112939358.09
13941,50928631.05
13942,61596258.37
13943,169777535.23
13944,62068906.42
13945,96663316.33
13946,69713465.97
13947,76970548.64
13948,66836155.19
13949,103135131.35
13950,74125623.71
13951,58426021.0
13953,61215798.33
13954,94141330.87
13955,54428421.58
13956,104002041.75
13957,102855268.2
13958,135951022.72
13959,207919258.67
13961,90311459.7
13962,97725691.26
13963,107073441.19
13964,99345674.86
13966,213204084.44
13968,174678029.19
13969,65742572.11
13970,52578782.64
13971,155238680.54
13972,39039288.9
13973,79155745.05
13974,97490008.44
13975,158741047.43
13976,67707398.54
13977,52890517.17
13978,57344880.86
13979,61812182.39
13980,96837259.97
13981,68381349.46
13982,78483488.95
13983,85766668.18
13984,94990132.72
13985,45889084.7
13986,163796426.64
13989,40393120.67
13990,93835461.16
13991,136450691.99
13992,64101093.82
13993,118713985.58
13994,45515099.15
13996,76100064.02
13997,180124388.62
13999,221967200.16
14000,68812363.0
14001,118072910.04
14002,70142615.35
14004,91952356.36
14006,77288693.9
14007,99675231.01
14008,116174179.41
14009,160611285.77
14011,163757577.28
14012,78377975.95
14014,175814362.47
14015,87160043.8
14016,67982408.32
14017,62942598.48
14018,58184815.39
14019,102325137.44
14020,105878938.36
14021,61309746.81
14022,133297247.27
14023,62984961.05
14024,80854014.35
14025,66396973.3
14027,32522936.41
14028,71821271.19
14029,134128939.26
14030,85997580.96
14031,58791741.44
14032,142234929.39
14034,72648938.98
14035,93151444.47
14037,91697321.16
14038,113664456.18
14039,82874003.63
14040,65595884.68
14041,65410067.83
14042,82308964.78
14043,114098678.54
14044,101874593.99
14045,57254956.97
14046,89220109.25
14047,121251789.4
14049,48629457.25
14050,210693993.47
14051,143095383.04
14052,112090146.36
14053,48904521.05
14054,94207171.62
14055,93572453.52
14056,485625498.12
14057,39798045.17
14058,50428431.0
14059,60968160.94
14061,76697230.92
14062,66391186.83
14065,186454027.32
14066,150559940.34
14067,106118272.98
14068,69832085.06
14069,227326771.96
14070,65883769.11
14071,69543174.81
14072,64231229.17
14073,183377542.15
14074,89125492.46
14075,105584084.54
14076,58767293.12
14078,57702634.6
14079,125628694.32
14080,79627683.69
14081,143914423.99
14082,69784354.51
14083,145689106.75
14084,137161173.47
14085,119714787.59
14086,67647414.94
14087,57737661.19
14088,69932456.39
14089,70840852.33
14091,66831195.02
14092,87581218.12
14093,261677689.59
14094,89811796.06
14095,66072623.03
14096,81338068.51
14097,49206923.86
14098,68282313.5
14099,81592813.59
14100,152610457.8
14101,92947839.24
14102,50946730.81
14104,89159574.54
14106,76277248.08
14107,76965450.82
14108,91951157.5
14109,70549605.35
14110,72370358.32
14112,51510366.8
14114,126789762.72
14115,83805818.86
14116,87161790.48
14117,68833745.05
14118,93912630.3
14119,76515362.63
14120,71067531.32
14121,119543194.96
14122,55043153.97
14123,100846303.97
14124,63934394.19
14125,55996246.65
14126,78450486.87
14127,66184198.77
14128,232753410.17
14129,123464436.68
14130,82300546.53
14131,50728926.83
14132,215550270.51
14133,175259888.93
14135,47060591.05
14136,137628832.27
14137,87657386.55
14138,69976073.55
14141,227622701.76
14142,71485135.66
14143,184543993.06
14144,96043134.48
14145,63385482.4
14146,182558119.95
14147,58239004.98
14148,252119511.8
14150,66352845.56
14151,91105647.52
14152,62482511.02
14153,63221816.75
14154,198624139.14
14155,126895020.8
14156,64743327.28
14157,341223300.62
14158,91182554.02
14159,127937872.19
14160,53069702.56
14161,195568462.96
14162,86461221.68
14163,137187203.39
14165,139039473.9
14166,67066358.14
14167,87854301.95
14168,35655317.81
14170,61522781.13
14171,104785838.01
14172,189739136.58
14173,52226789.55
14174,143055009.56
14175,150930840.28
14176,60132232.74
14177,56319388.62
14179,91586650.84
14180,169822132.99
14181,102093719.52
14182,40315734.4
14183,87490984.1
14184,88414063.8
14185,97975111.73
14187,225699048.98
14188,75187169.36
14189,46526385.28
14190,99357477.57
14191,70212506.34
14193,101602710.83
14196,83073074.79
14197,129132277.11
14198,83204955.18
14200,392334848.33
14201,51376364.68
14203,60432869.53
14204,89229555.06
14205,108850947.03
14206,92090523.22
14207,87002749.73
14208,89397181.6
14209,172180046.47
14210,75370800.19
14211,117176860.72
14212,61077956.23
14213,162354554.36
14214,59313333.71
14215,59655100.78
14216,71193382.39
14217,102132076.55
14218,95159229.3
14219,59336181.28
14220,67005894.62
14221,125573424.8
14223,66608991.55
14224,63991619.64
14225,103059432.87
14226,107528231.12
14228,62475312.15
14229,95800954.96
14230,75889591.63
14231,83249694.6
14232,119072331.14
14233,105667839.81
14234,76876780.17
14235,40194352.91
14236,98031308.92
14237,114578709.5
14238,144374637.2
14239,57800726.74
14240,71339253.43
14241,76499107.25
14242,76891512.67
14243,61335841.2
14244,176748714.06
14245,81643301.81
14246,128834334.54
14247,73642753.16
14248,231452942.01
14249,68186724.77
14251,90185303.28
14252,274720216.31
14253,95816457.88
14254,283119603.76
14255,193698667.67
14256,193540785.54
14258,160291956.08
14259,126723481.36
14260,212971748.46
14261,199392063.13
14262,88707498.04
14263,85837288.6
14265,70236984.23
14266,54356845.45
14267,182722981.0
14268,102255746.87
14269,64512261.57
14270,75424209.72
14271,80599404.15
14272,233849076.29
14273,118433961.45
14274,57513240.24
14275,120624320.56
14276,107384929.25
14278,98736446.08
14279,74524191.69
14280,141800749.56
14281,97058733.83
14282,126232213.26
14283,64832056.37
14284,41308066.6
14285,70900139.99
14286,221338225.48
14288,52418150.49
14289,67013068.24
14290,157935089.56
14291,60841290.79
14292,126707519.26
14293,46875869.39
14295,53756740.55
14296,74918603.46
14297,308858956.09
14298,73002984.77
14299,215705937.46
14300,97230927.16
14302,76271956.07
14303,76459014.11
14304,51649744.11
14305,68477457.93
14306,101429352.25
14307,114597204.32
14308,53044862.75
14309,46539468.35
14310,74430479.37
14311,117854760.25
14313,86596784.65
14315,120507289.39
14316,91134814.88
14319,50860316.63
14320,75205183.39
14321,89338089.75
14322,115507672.14
14323,167915420.9
14325,120954243.3
14326,52233541.13
14327,129042458.05
14328,111999401.43
14329,64171129.52
14331,84712541.49
14333,123544769.87
14335,181027332.05
14336,60847997.86
14337,82643623.7
14338,164902821.79
14340,106343144.68
14341,103807252.26
14342,89679955.67
14343,124635023.51
14344,88415621.01
14345,181654320.2
14346,64359555.34
14347,89447426.7
14348,76540060.34
14349,88478569.37
14351,71580283.7
14352,134380058.13
14353,152164036.45
14354,70070223.14
14355,112860431.02
14356,119200749.52
14357,65318101.71
14358,132952098.15
14359,129934298.11
14360,52190811.1
14361,35647277.94
14362,151291124.01
14363,64274615.15
14364,98510301.94
14365,171068280.06
14366,65310544.27
14367,80937613.04
14368,108130696.4
14369,100674446.05
14370,209531151.18
14371,50857580.76
14372,63856882.38
14373,95897055.95
14374,79661310.33
14375,137752356.1
14376,140656615.97
14377,111683460.52
14378,57717980.93
14380,84757973.03
14381,79592319.06
14382,113795177.68
14383,48121291.75
14384,59258929.86
14385,238704717.98
14386,137105183.96
14387,95301228.09
14388,182004856.97
14389,81001157.86
14390,72843165.04
14391,80373709.98
14393,74581979.98
14394,73885738.69
14395,59249453.19
14396,97078129.17
14397,127580083.27
14398,68134356.11
14399,69969017.61
14400,93808389.85
14401,170293133.94
14402,85538380.29
14403,102614683.08
14404,59912936.59
14405,128402277.19
14407,113089765.18
14408,106480801.28
14410,222200817.32
14412,110790954.57
14413,41777891.41
14414,107396002.03
14415,48075818.67
14416,94886728.76
14417,61944775.43
14418,71877420.22
14419,541359806.76
14420,74471840.79
14421,85597187.27
14422,111167174.6
14423,107421951.24
14424,171294920.74
14425,91979167.09
14426,250778837.1
14427,95337521.29
14428,57582904.7
14429,59745443.74
14430,113657761.46
14431,44471755.61
14432,107426182.55
14433,77729473.01
14435,116888186.68
14437,76712531.99
14438,97935877.63
14439,124099154.42
14440,83532731.97
14441,76083759.0
14442,61590155.2
14443,96556683.61
14444,120195037.77
14445,79544325.55
14447,132482071.13
14448,49530903.51
14449,106376629.97
14450,202384423.34
14451,77479416.86
14452,92833586.98
14453,51214863.13
14455,74991286.68
14456,137813602.93
14457,50897259.23
14458,69186128.47
14459,92777385.75
14460,195710587.41
14461,117569438.77
14465,70206871.42
14467,39840149.84
14468,68581651.32
14469,133418418.93
14470,146799128.18
14471,94717817.94
14472,311707260.05
14473,73463285.36
14474,119284446.45
14475,46909848.79
14476,78520211.69
14477,76108841.02
14478,60937223.09
14479,58325965.72
14480,35771722.18
14481,152931973.04
14482,239017618.07
14483,62547452.83
14484,87269723.61
14485,55553429.65
14486,92612678.5
14487,65226489.34
14488,81019546.1
14489,89502741.18
14490,98955380.75
14493,70645230.29
14494,77970752.91
14495,58434540.33
14496,81494825.27
14497,38936851.8
14498,114070534.25
14500,92991914.63
14501,48508535.02
14502,140021698.32
14503,135546646.32
14505,133022112.19
14506,81176779.66
14507,51640762.78
14508,72583815.94
14509,61608833.78
14510,77801356.92
14511,53210977.01
14512,70858627.97
14513,102701535.22
14514,52016088.96
14515,58628607.62
14516,81253732.13
14518,306775130.96
14520,232133655.5
14521,73983253.21
14524,105712971.07
14526,64004150.41
14528,112150826.03
14529,72658391.25
14530,239245631.62
14532,98498499.95
14533,73063689.89
14534,86964106.04
14535,69806278.62
14537,287324584.16
14538,44572389.38
14539,117525412.47
14540,149086218.69
14541,81693322.43
14542,115553729.97
14543,77190134.03
14544,46637421.39
14545,76648972.77
14546,205752760.46
14547,44023615.72
14548,106134963.59
14549,182717057.89
14550,64353265.33
14551,62356577.72
14552,173034791.59
14553,57576111.47
14554,62681205.04
14555,33367051.56
14556,67964131.11
14557,177802153.12
14558,52786305.88
14559,200283032.57
14560,106314872.88
14561,74457729.18
14562,109626737.14
14563,144897797.84
14564,59795392.26
14565,30257158.5
14567,179877550.78
14568,62030622.73
14569,172200564.73
14570,90628881.87
14571,79659107.89
14572,267122968.87
14573,73633293.19
14575,64450260.06
14576,56803373.43
14577,184543981.48
14578,69450276.88
14579,103136228.21
14580,149152859.57
14582,38313696.56
14583,78470938.18
14584,69601778.36
14585,80016076.08
14587,190060894.11
14588,90145292.36
14589,133106163.8
14590,104658659.64
14591,66495944.55
14593,58258782.47
14594,116697951.52
14595,68412407.94
14596,249584044.93
14597,56024316.81
14598,75536659.59
14599,93546248.72
14600,148393285.95
14601,107312446.81
14602,78468187.62
14604,66660134.64
14606,127622714.62
14607,81249439.98
14608,113404245.08
14609,54684375.39
14610,69716754.28
14611,74536553.83
14612,190376380.66
14613,365918336.91
14614,74012147.5
14615,114289695.5
14616,53639783.05
14617,56666301.87
14618,81898927.75
14620,100307501.12
14621,81270747.78
14622,87816658.38
14623,99203241.78
14624,53380243.12
14626,65398566.01
14627,56504067.56
14628,46847633.21
14629,96013783.02
14630,141445155.73
14631,93396910.9
14632,102976477.23
14633,56746363.64
14634,58835499.42
14635,51115768.52
14636,59410684.4
14637,60202292.13
14638,82092399.76
14640,72338268.85
14641,157246966.79
14642,172598777.83
14643,82831986.2
14644,82374154.94
14645,77880045.21
14647,49505836.9
14648,105515422.07
14649,105286609.0
14651,167357569.64
14652,192280454.41
14653,112430698.05
14655,71659973.18
14656,70401459.25
14657,78259718.59
14658,106686862.43
14659,112712402.99
14661,78090348.75
14662,178035242.41
14664,170372250.94
14665,48700486.76
14667,64966472.96
14668,116098557.09
14669,133939845.22
14670,50617141.73
14672,104758835.99
14673,74255379.44
14674,146699165.41
14675,44184369.2
14676,146570142.37
14677,293113738.85
14679,121405178.42
14680,326696662.23
14681,136772589.46
14683,69939319.36
14684,128453897.71
14685,40988561.59
14686,161834558.78
14688,78097497.88
14689,188480771.28
14690,66962056.12
14691,180592316.83
14692,148565711.9
14693,73575245.77
14694,80772623.55
14695,131022457.43
14696,192082799.23
14700,92803958.46
14702,61429166.56
14703,45616974.16
14704,262569228.02
14706,107307529.92
14707,75734695.68
14708,117574645.12
14709,98712179.91
14711,189576277.1
14712,46002084.51
14714,182871949.55
14715,93081649.46
14716,130654764.43
14717,66709612.92
14718,50608397.38
14719,49036657.84
14720,138929734.57
14721,86088897.59
14722,86423863.54
14723,84643440.05
14725,94724748.79
14726,108458950.43
14728,53601356.37
14730,97161088.07
14731,148497098.35
14732,45725821.28
14733,62394317.65
14735,79656293.18
14736,130532044.26
14737,92260337.42
14739,63780095.54
14740,58023507.18
14742,99004610.93
14745,56581458.02
14747,169382720.15
14748,82190706.28
14749,146096159.85
14750,102878333.35
14751,63353066.57
14752,58068139.11
14753,93203524.24
14754,135506118.49
14755,79173254.97
14756,109286314.82
14757,70548131.1
14758,85002973.53
14759,108758190.4
14760,115255950.55
14761,83688655.66
14763,136528487.18
14764,67171254.52
14767,62822589.05
14768,85377555.22
14769,73125393.08
14770,94189597.24
14771,94666732.25
14772,96562768.21
14774,85654203.63
14775,73254135.45
14776,262207166.19
14777,47957426.14
14778,81125817.93
14779,79590871.78
14781,73070181.61
14782,108904938.66
14783,28927411.78
14784,228819595.22
14785,75154895.13
14786,96956179.42
14787,151077010.32
14788,299646176.75
14789,88619547.16
14790,125909352.3
14791,118343929.66
14792,48114729.21
14793,80120156.28
14794,148021859.3
14795,95347379.9
14797,69368967.44
14798,91083258.35
14799,65292517.57
14800,74164238.06
14801,58336971.25
14802,118065882.15
14804,143343777.58
14805,90102669.32
14806,109325937.68
14807,87347109.75
14809,123559295.42
14810,38580875.75
14811,55818837.77
14812,188701081.77
14813,144469118.76
14814,64301781.43
14815,171990461.62
14816,96688804.58
14817,60710055.8
14818,58912524.21
14819,94019229.14
14820,54887645.49
14821,81216156.12
14822,91222176.33
14823,137500467.45
14826,43544904.31
14827,68483222.79
14828,34152871.02
14829,106801175.52
14830,43663655.76
14831,194041831.12
14832,78135630.42
14833,103513524.49
14834,49638948.45
14835,72591524.52
14836,85455429.98
14837,87311438.21
14838,86811171.94
14839,55015528.28
14840,89514122.82
14841,59542874.02
14842,64224403.96
14843,73343251.89
14844,159707655.75
14846,83610268.82
14847,84189061.53
14848,114230003.76
14849,62914510.69
14850,65466554.91
14851,138514732.15
14852,183571636.88
14853,45063506.47
14854,94984141.42
14855,80205386.73
14857,77193513.99
14858,103532222.78
14859,49954645.11
14860,40484000.89
14861,54478865.42
14862,147791505.55
14863,120022799.48
14866,143019128.62
14868,353714553.07
14869,157235018.76
14870,95233272.59
14871,155117585.03
14872,91269059.89
14873,63434264.69
14874,237056438.8
14876,43893595.98
14877,92643513.69
14878,97794652.38
14881,83577682.49
14882,155152259.71
14883,79414211.37
14884,165525335.1
14885,102962657.55
14886,136558893.54
14887,122015904.47
14890,53626552.68
14893,118755345.84
14894,49615919.33
14895,133417526.87
14896,89737123.75
14897,129010069.28
14898,107257597.17
14899,48574960.47
14900,93822894.72
14902,73712142.35
14904,97381761.83
14905,233075595.08
14906,169798418.69
14907,87029051.42
14908,161473289.52
14909,97287128.85
14910,70695759.09
14911,148058866.21
14912,106874118.74
14913,264530054.6
14914,70336977.1
14915,51305110.58
14916,93142734.2
14917,82672034.52
14918,69952796.2
14919,103770336.31
14920,65944918.7
14921,343591810.4
14922,66040376.94
14923,254155909.2
14924,62088276.48
14925,63716533.31
14926,67011749.18
14927,98171925.83
14928,104736406.27
14929,83833394.9
14930,55606397.01
14931,67794791.07
14932,48275769.69
14933,51348022.59
14935,182612641.0
14936,320141035.79
14937,87696570.59
14938,89617415.84
14939,34047447.4
14940,98737574.97
14941,181552391.7
14942,109667684.26
14943,101300327.43
14944,264959921.32
14946,71849993.24
14947,302762877.53
14948,111991500.82
14949,200059337.67
14951,96585939.95
14952,82918752.83
14953,51524719.38
14954,115552823.92
14955,95841456.32
14956,91920406.23
14957,153706466.0
14958,65216319.1
14959,79458689.02
14960,165936617.71
14961,43721939.78
14962,176596927.13
14963,116478272.16
14965,106231835.15
14967,103875652.97
14969,60862676.2
14971,180924540.56
14972,121833407.39
14973,60985889.77
14974,119505398.42
14975,100651465.33
14976,64165509.51
14977,51593924.19
14979,113112679.13
14980,98163691.42
14981,95133274.26
14982,67750132.1
14983,215320484.1
14984,157191082.74
14985,132247229.85
14986,43879124.06
14987,127631345.3
14988,113186078.27
14989,94246880.08
14991,68650729.47
14992,67839426.36
14993,198902291.97
14994,76456443.62
14995,61446037.56
14996,86584114.63
14997,54812586.05
14998,106578928.84
14999,69865528.88
15000,62389237.15
15001,126784050.86
15002,124749916.86
15003,55171546.23
15004,55162461.23
15007,106802016.31
15009,120172028.58
15010,248449085.2
15012,137914579.1
15013,82282337.34
15014,51466172.88
15015,81890236.0
15016,175400948.02
15017,49771713.05
15018,86042474.24
15019,117460522.3
15020,56725710.03
15021,107764712.8
15022,58119497.98
15023,278764728.62
15024,127757926.97
15026,127108950.67
15027,82498273.3
15028,111010501.17
15029,140598133.72
15030,54896218.34
15031,77156762.64
15032,84072366.07
15033,160192581.49
15035,163961299.83
15037,54165475.66
15038,132994579.38
15039,95052475.93
15040,67145872.65
15041,98555144.43
15042,106269216.42
15043,72700542.57
15044,175225517.92
15045,69434870.55
15046,87379362.48
15047,56047411.59
15048,39016270.74
15049,125802788.33
15050,132193625.43
15051,92640959.8
15052,69373401.56
15053,49898715.58
15054,52447738.24
15055,97925806.04
15056,114502371.09
15057,176002869.19
15058,107020273.47
15059,52343976.16
15060,67105132.86
15061,182548030.16
15063,72720309.31
15064,42498969.83
15065,96763718.69
15066,105441339.15
15067,100236854.52
15068,57570713.96
15069,180618531.66
15070,94422902.69
15071,229447537.77
15072,77904913.83
15073,66415588.16
15074,87808976.48
15075,98695481.41
15076,74192905.68
15077,158419035.26
15078,151014802.14
15079,91541544.47
15080,113495558.5
15081,77237552.21
15083,62977864.36
15084,97144544.45
15086,73265704.9
15087,87514624.68
15088,92949920.71
15089,32300058.43
15090,77920623.39
15091,103876091.2
15092,187603845.56
15093,65576979.29
15094,120856597.0
15095,56421978.32
15096,102555692.36
15097,186383788.76
15098,68162584.36
15099,67110540.55
15100,76746552.25
15101,114009698.19
15102,110044680.87
15103,173259833.31
15104,27336688.75
15106,129520579.87
15107,64482499.41
15108,109132841.57
15109,105936854.11
15110,92364827.34
15111,29524905.21
15112,97127886.21
15113,148416577.53
15114,104061411.52
15116,98863411.43
15118,92679800.65
15119,73447507.3
15120,55798052.38
15121,99763430.97
15124,114331197.88
15125,260958490.81
15126,82843810.98
15127,99098906.78
15128,60829865.16
15129,162788766.75
15130,63471277.44
15131,189524850.93
15132,121822480.02
15133,52123257.01
15135,92495455.35
15136,251504226.37
15137,132937583.0
15138,108010429.06
15139,166856700.07
15140,97652106.77
15141,198522362.95
15142,139914928.26
15143,110497828.04
15144,332553467.84
15145,98642363.6
15146,107268383.79
15147,96427525.41
15148,82713421.0
15150,121333198.56
15151,104797177.09
15152,69709214.12
15153,100847224.94
15155,49020250.39
15156,94961702.59
15157,133007918.31
15158,67643728.61
15159,200086155.39
15160,78795218.15
15162,113972276.09
15163,110333007.07
15164,150186543.56
15166,65633451.7
15167,55065047.62
15168,104765524.56
15169,98356845.6
15170,96892485.86
15171,161652525.66
15172,128516654.34
15174,72252043.17
15175,176307693.97
15176,98367707.99
15177,49283019.97
15178,110367398.44
15179,65890250.7
15181,94870875.36
15182,81125032.87
15183,108208199.76
15184,162584611.21
15185,85450398.32
15186,76040410.77
15187,69494002.95
15188,112769094.1
15189,148196502.97
15190,46722748.08
15191,124846666.45
15192,46845513.27
15193,305578694.48
15194,59706055.49
15195,46419428.05
15196,110481282.0
15197,132709458.57
15198,99373593.39
15199,149500749.85
15200,135064781.27
15201,55397597.59
15202,63912787.88
15203,126998888.7
15204,123674890.55
15205,70824239.16
15206,112668403.34
15207,114522799.56
15208,60705177.5
15210,52622120.75
15211,203756219.73
15212,177112352.19
15213,43513380.39
15214,133713737.75
15216,108361237.33
15217,108373409.54
15218,172902624.38
15219,134695406.68
15220,123469586.12
15221,71297666.59
15222,64048516.15
15223,100754167.38
15225,395982113.93
15226,65542561.53
15227,112286809.5
15229,68034637.63
15230,171048282.65
15231,47241901.55
15232,133121474.38
15233,150735946.9
15234,62608318.37
15235,128255956.43
15236,159605770.5
15237,52358405.31
15238,118233162.71
15239,93090091.56
15240,247009850.55
15241,91554911.54
15242,180195892.25
15244,264459840.16
15245,84397159.53
15246,104920917.03
15247,88243580.78
15248,118196031.82
15249,88790090.28
15250,158989050.22
15251,94504691.69
15252,72501892.93
15255,207901920.65
15256,75557543.19
15257,142311406.29
15258,64918113.69
15260,104376882.21
15263,89771823.39
15264,80990418.6
15265,52166291.65
15267,124913442.59
15269,78001003.03
15270,104990976.75
15271,97865925.38
15272,102654685.71
15273,341160288.01
15276,62546748.7
15277,115067431.21
15278,250889499.23
15280,81754292.72
15281,53877920.93
15282,102367780.42
15283,80511210.92
15284,126583369.8
15285,133421294.74
15287,102439072.14
15288,285993222.18
15289,55800414.7
15290,84778702.54
15291,96214936.91
15293,110478524.73
15294,63117315.24
15295,156172616.69
15296,43700029.92
15298,122685347.62
15299,78286382.06
15300,91999250.95
15302,37458783.74
15303,98044321.03
15304,72944545.52
15305,177300958.2
15307,104153498.69
15308,64330827.75
15309,61169149.56
15310,72237722.52
15311,66881873.46
15312,105510506.4
15313,77692490.76
15314,94346171.15
15315,77483502.73
15316,100684199.93
15317,79280839.88
15318,61638623.75
15319,80094931.16
15320,65291361.81
15321,159563206.57
15322,46052498.68
15323,65775651.11
15324,31300592.99
15325,77774009.66
15326,114388548.62
15327,48045375.0
15328,142740517.57
15329,56066056.43
15333,75892122.19
15334,111369531.99
15335,75324347.22
15336,68110151.97
15338,65282663.52
15339,57211705.25
15340,27035012.57
15341,43575827.96
15344,109634058.79
15347,73973018.39
15348,83936648.62
15349,173337600.78
15350,165742200.45
15352,114427934.79
15353,90217023.33
15354,146907183.53
15355,65290583.98
15356,105701134.7
15357,59667208.55
15358,92871101.92
15359,75043043.03
15360,49901604.76
15361,88558670.59
15362,120648561.88
15363,117138968.84
15364,153910277.47
15365,80362591.05
15366,98338937.67
15367,156591576.25
15370,68727135.63
15371,165248354.49
15372,56532072.65
15373,99884845.85
15374,83154674.6
15375,214159340.9
15376,123889562.0
15378,84079610.06
15379,96779327.02
15380,165805142.41
15382,52609222.45
15383,123744937.54
15384,137067616.49
15385,192782544.07
15386,79131919.47
15388,43787792.27
15389,309921362.28
15390,117343706.79
15391,77640770.61
15392,56183382.2
15393,73848827.57
15394,82420787.52
15395,98042201.21
15396,109372417.06
15397,266305623.62
15399,64408646.29
15400,86970513.26
15401,92768646.39
15402,118988417.71
15403,74630624.73
15404,113989273.19
15405,84662984.53
15406,229705956.68
15407,113502672.31
15408,77029633.65
15409,179236394.27
15410,108919089.81
15411,83657097.7
15412,232512501.11
15414,45098048.15
15415,156937702.14
15416,96359707.14
15417,66101394.46
15418,176139698.54
15419,77913023.52
15420,190663294.38
15421,49311133.03
15422,75645121.81
15423,81588690.38
15424,60879755.74
15426,48419585.65
15427,177878186.43
15428,96569345.93
15429,243261607.22
15430,51622123.77
15432,58482452.55
15433,54363934.79
15434,70285913.23
15436,168285844.4
15438,80417115.54
15439,88104808.15
15440,66188782.42
15442,174983635.95
15443,70353325.46
15444,72357667.7
15445,98203339.7
15446,71713898.91
15447,98899984.2
15448,85788120.92
15449,73870314.91
15450,146051713.33
15451,133679548.82
15452,173195486.08
15453,126728551.66
15454,103772504.5
15455,210022698.05
15456,54345252.02
15457,60338234.95
15458,212388425.73
15459,65275277.67
15460,83324050.21
15461,49357227.89
15465,53325939.5
15466,64475798.37
15467,87044754.47
15469,63511179.93
15471,95962905.57
15472,86347837.02
15473,59902442.06
15474,50571402.66
15475,79543078.4
15477,45647787.44
15478,68429112.9
15479,108828091.41
15480,103615936.21
15481,193902573.08
15482,80881671.26
15483,160445206.2
15485,93254397.74
15486,80543384.77
15487,45184735.93
15488,82841084.06
15490,94485294.62
15491,90425579.81
15492,85313853.48
15494,84996940.84
15497,93618133.2
15498,133873787.92
15499,224395827.26
15500,120865080.86
15501,63566492.29
15502,125912770.61
15503,59377971.8
15504,90972702.72
15505,56786824.2
15507,118583965.68
15508,70049856.36
15509,106267865.23
15510,117030369.16
15511,78624566.77
15512,105402338.31
15514,78655326.1
15515,116355774.54
15516,99623967.45
15519,68319326.65
15520,84603073.18
15521,107274540.07
15522,63654266.49
15523,126943699.37
15524,55644211.72
15525,66379555.77
15526,92472880.33
15527,165613759.33
15528,82115886.91
15530,70681044.57
15531,75536697.2
15532,117514049.6
15534,94210261.13
15535,234856906.22
15536,79738366.46
15537,73704702.82
15539,77129660.05
15540,221664116.02
15541,100265352.71
15542,140748216.11
15543,75656401.61
15544,129880899.09
15545,118194390.03
15546,264435511.79
15547,51046409.0
15548,75049369.49
15550,54131414.79
15551,131406908.42
15552,91876060.77
15553,93239270.07
15555,55774586.46
15556,89824875.02
15557,77819518.77
15558,74073795.62
15559,73676177.64
15562,107858491.41
15563,181745696.61
15565,81140405.72
15566,74150676.89
15567,63266275.53
15568,37558465.74
15569,84726877.74
15570,80380164.42
15571,57586907.71
15572,68190785.42
15573,50607194.7
15574,85778547.43
15575,39093971.5
15576,142292094.75
15577,107891223.15
15578,71356653.69
15579,168653419.12
15580,59554901.58
15581,110253463.15
15582,57622216.65
15584,61955689.14
15585,57271991.58
15587,85311125.57
15588,34369638.11
15589,106206375.42
15590,72279907.79
15591,156762897.4
15592,164661361.56
15593,75567713.11
15594,78241152.87
15595,130201970.16
15599,59315882.36
15600,69016874.97
15601,78874459.53
15603,100152240.04
15605,63839271.12
15606,109513692.16
15607,95067702.73
15608,166093183.07
15610,85585254.31
15613,63040184.63
15615,93214588.74
15616,71685419.98
15617,151023525.82
15619,143532245.26
15620,184856871.59
15622,193628430.43
15623,125449927.03
15624,41837328.47
15625,116996890.48
15627,84026650.93
15630,86889196.49
15631,207398345.4
15632,107405435.8
15633,83524564.3
15634,108431316.77
15635,196258090.06
15636,76569205.03
15637,166462511.97
15638,78605149.43
15639,106649852.29
15640,111136850.63
15641,60269854.02
15642,193359869.83
15643,102261420.23
15644,252095897.35
15645,101606187.63
15646,220932452.31
15647,99482399.65
15648,235697592.43
15649,182913974.14
15650,82169091.29
15651,158489676.96
15652,66735892.46
15653,65295556.17
15655,94519804.37
15656,142502352.65
15657,39093186.12
15658,297492908.24
15659,106977176.78
15660,154442791.0
15661,65696450.22
15662,77800046.59
15663,112721415.06
15664,71766078.49
15665,53077572.24
15666,107250318.77
15667,125556887.05
15668,80612821.5
15670,184701519.15
15672,60231374.79
15673,177690624.91
15674,50257112.39
15675,93375842.75
15678,46427861.83
15679,66246389.14
15680,68680602.66
15681,149139770.23
15682,61183303.65
15683,122057521.84
15684,99943277.35
15685,96570979.48
15686,52329854.3
15688,64857669.97
15689,106218461.82
15690,79684668.85
15691,63400961.14
15692,149092453.93
15693,118836712.08
15695,106164380.3
15697,379210216.91
15698,78552627.0
15699,54746138.29
15700,56667360.8
15701,187230262.98
15702,102680323.46
15703,121907230.26
15704,117856298.07
15706,117317173.24
15707,49348704.07
15708,119015018.41
15709,132627385.37
15710,90113884.34
15712,102554658.14
15713,70358580.34
15714,68783671.47
15716,44025738.87
15717,115951512.07
15718,51345671.39
15719,138705185.84
15720,51121999.29
15721,115497567.67
15722,65545600.71
15723,101011683.99
15724,116712286.57
15725,59949110.1
15727,215949969.67
15728,96177864.95
15729,107836831.14
15730,52248160.06
15731,214060975.54
15732,112668797.68
15733,41621699.3
15734,58946908.0
15735,86453564.89
15736,62120015.36
15737,82266442.4
15738,90680425.72
15739,353209791.12
15740,207481063.19
15741,89840273.83
15743,84388850.32
15744,82677240.42
15746,131160357.26
15747,84950299.71
15750,82006039.78
15751,37299492.7
15753,195521920.48
15755,128757749.85
15756,47678735.2
15757,84345422.66
15760,74506080.25
15761,80013101.84
15763,131982195.96
15764,114304494.54
15765,87711732.57
15766,93189326.69
15767,71232171.22
15768,66627766.07
15769,130532806.74
15770,69405676.3
15771,48414279.38
15772,249918973.15
15773,68707475.1
15776,105276435.01
15778,69966875.26
15779,109918452.61
15780,81129642.31
15781,114362053.47
15783,61222858.95
15784,132613430.03
15785,41634690.4
15786,34050419.39
15787,41371073.69
15788,63919283.71
15790,84872427.86
15791,78062577.39
15792,30484866.14
15793,329558870.97
15794,307603218.19
15795,104037112.69
15796,73690156.92
15797,65888728.61
15798,43686157.78
15799,86060261.45
15800,82434398.35
15801,50210720.29
15802,68733532.54
15804,57785355.84
15806,93643284.31
15807,117506344.62
15808,53491315.72
15809,64603267.96
15810,73389201.22
15811,64117453.5
15812,42486284.56
15813,92221707.62
15814,88629064.28
15815,62532052.23
15817,97848256.2
15818,71432308.29
15819,199977639.62
15820,126371649.9
15821,52352318.83
15822,75707872.88
15823,103257233.99
15824,149725586.87
15825,246966255.52
15826,84690497.85
15827,72740880.73
15828,141036079.63
15829,76308331.4
15830,86267758.13
15831,169712599.35
15832,229792045.67
15834,146562824.05
15835,82562762.98
15836,98239168.79
15837,65259792.38
15838,111748278.58
15839,82734498.51
15840,64103008.42
15841,62563932.87
15842,86710641.1
15843,90584060.65
15844,88740128.61
15845,84974200.43
15846,132750608.25
15849,92251901.93
15850,109411578.93
15851,206401151.53
15852,123771063.36
15853,186883629.46
15854,142955621.24
15855,57830606.99
15856,77737648.87
15859,51144950.31
15860,110981087.88
15861,77499504.41
15862,82187464.21
15863,110110404.95
15865,204381330.72
15866,184281590.69
15867,52853116.06
15868,94373357.41
15869,84026989.11
15870,45924915.64
15871,94157751.86
15872,44167702.68
15873,65266576.75
15874,124488346.34
15875,185306575.97
15876,116044111.55
15877,63675695.88
15878,88667018.89
15880,116819168.57
15882,137112859.1
15883,74200782.07
15884,70270640.49
15885,130442591.27
15886,389113307.5
15887,66231191.22
15888,47543188.95
15889,67894925.61
15890,109987990.48
15891,74425427.2
15893,85755584.97
15894,65082856.92
15895,121866809.7
15896,42998941.2
15897,26880405.31
15898,40683833.97
15899,78937432.78
15900,67694655.5
15901,46991622.88
15902,69262761.8
15903,121236394.93
15904,73195799.92
15905,34391336.59
15906,81580515.68
15907,139264881.09
15909,60815904.97
15910,30511979.29
15911,99897001.74
15912,93989318.45
15913,225263319.8
15914,75039337.9
15915,105849292.25
15916,80405924.65
15917,88154092.06
15918,175750796.91
15919,43596159.28
15920,130583268.2
15921,42955561.74
15922,181758514.46
15923,84903165.79
15924,46714454.88
15925,103186647.04
15926,162592897.13
15927,166774225.03
15928,35703137.06
15929,97079654.0
15930,116639961.3
15931,155386201.68
15932,126792622.22
15933,229689615.08
15935,52356722.52
15936,57852625.86
15937,118420993.45
15938,56957996.79
15939,73585352.2
15940,91485708.78
15941,126481290.7
15942,118749031.17
15943,92325862.67
15944,45042641.61
15946,64814462.31
15947,146505041.03
15948,111601396.36
15949,71764013.93
15950,77105110.25
15951,129355943.33
15952,67003539.1
15953,69667621.97
15954,84944150.65
15955,70383138.08
15956,100306625.94
15957,69106734.98
15958,60670910.18
15959,61740241.21
15962,137245730.45
15963,49503307.95
15964,34806995.61
15965,62842946.62
15966,103812677.46
15967,75316808.25
15968,65392942.03
15969,102267032.76
15973,134922820.19
15974,72251975.02
15975,132645017.88
15976,111686716.52
15977,65232778.11
15978,46994250.37
15979,55976359.95
15980,132083995.84
15981,44979366.87
15982,51317381.07
15983,131609452.9
15984,155115715.64
15985,59040733.32
15986,47521087.35
15987,159925887.76
15988,71603167.47
15990,46664874.44
15991,81249849.6
15993,145517782.1
15994,116191710.7
15995,107257477.19
15996,50165184.2
15997,145717039.37
15998,64935091.68
15999,76669062.32
16000,86154057.8
16001,93597203.93
16002,47911049.47
16003,73371988.57
16005,186311382.87
16006,122431590.41
16007,129554469.41
16008,186999719.25
16009,191069569.96
16010,54539018.92
16011,104215916.76
16012,89137921.85
16013,109128337.81
16014,117737694.39
16015,97766268.35
16016,50400875.02
16017,77541910.56
16018,178837850.35
16019,230858295.06
16020,81428624.91
16021,66493511.05
16022,150516726.81
16025,85227108.19
16027,87823210.8
16028,193154414.37
16030,153185094.11
16032,254526693.45
16033,75990943.34
16035,77831939.97
16036,66371944.49
16037,238291167.99
16039,122933432.65
16040,126449970.26
16042,46944581.92
16043,84028863.21
16044,177557803.91
16045,61455334.87
16047,49167227.5
16048,137037156.1
16049,181635047.76
16050,53242209.68
16052,60284174.34
16053,59800672.72
16055,86401403.96
16056,81093393.11
16057,105373874.23
16058,43027777.43
16059,127543104.75
16061,183620540.7
16062,86338270.2
16063,61682140.5
16064,78330793.29
16065,143985248.45
16066,57538048.63
16067,54098189.44
16068,169593451.14
16069,34423271.1
16070,95221588.6
16071,74680699.1
16072,101603074.99
16073,97744551.58
16074,106133500.84
16075,75246835.19
16076,84569090.65
16077,49237832.09
16078,64481631.19
16079,64840255.35
16080,63805941.08
16081,71784140.88
16082,115269412.46
16083,59609389.85
16084,95583904.96
16085,45470077.34
16086,123105877.6
16087,79578179.95
16088,73716457.98
16089,71617486.48
16090,152071847.84
16091,74000101.85
16092,73031099.35
16093,108549056.41
16094,58770402.01
16095,73876972.7
16096,105488227.84
16097,75314306.45
16098,93715310.27
16099,153470404.74
16101,158168208.23
16102,50166570.25
16103,66113957.57
16105,49379880.42
16106,107760298.64
16107,96663485.68
16108,57287180.67
16110,102839028.1
16112,96465596.35
16113,46758382.26
16114,123959471.36
16115,66063799.74
16116,128288552.44
16117,67328004.62
16118,52138388.77
16119,89042651.5
16120,164689716.91
16121,80105709.32
16122,34517114.86
16123,59732340.13
16125,65984032.74
16126,85252203.5
16127,91203480.75
16129,143037171.59
16131,278266124.54
16132,138222334.97
16133,152342699.94
16134,78756883.79
16135,106370353.39
16136,50626686.27
16137,87781391.42
16138,42457473.31
16139,85540387.6
16140,82229550.09
16141,138294335.06
16142,105528655.53
16144,100683606.26
16145,73821908.78
16146,75594510.42
16148,70499582.45
16149,41144032.46
16151,74318398.64
16154,186426657.95
16155,74342924.93
16157,145361286.04
16158,235284281.51
16159,38334152.38
16161,71088260.49
16162,166494394.38
16163,60570486.11
16164,79119736.9
16165,316245629.88
16166,114655890.72
16167,248258139.94
16168,84513396.37
16169,84472561.76
16170,64809975.38
16171,202541196.99
16172,71505092.39
16173,73708269.38
16174,76290079.79
16176,91263802.83
16177,82109538.52
16178,55570430.43
16179,76961302.28
16181,75439078.18
16182,80571623.85
16183,345126750.18
16184,56718045.49
16185,173695762.9
16186,54381135.4
16187,87246238.88
16188,38953649.6
16189,58052988.35
16190,49668015.1
16191,135563429.83
16192,93897556.21
16193,61241323.58
16194,43161186.27
16195,126027121.87
16196,76240134.17
16197,101319412.36
16198,92704723.76
16199,179278203.59
16200,73275800.82
16201,36608410.28
16202,106979275.91
16203,62904216.22
16204,143008796.92
16205,59079589.51
16206,70323605.54
16207,56519850.99
16208,60790127.24
16209,146686823.47
16211,162213563.74
16212,131150726.34
16213,264618003.48
16214,69273410.28
16215,65299539.83
16216,52393474.06
16217,178185910.89
16218,107404305.78
16219,60656259.63
16220,117826382.99
16221,107427808.35
16222,286792039.07
16223,58473464.8
16224,89218502.65
16225,34274456.54
16226,108986400.89
16227,187946958.01
16228,220416639.49
16229,186451721.72
16230,164747171.11
16231,79924027.03
16232,76416666.07
16233,46573765.36
16234,48908678.52
16237,120782066.75
16238,63498732.66
16239,69799043.32
16240,152276383.23
16242,75269710.5
16243,110023333.89
16244,167146680.78
16245,30435961.23
16246,100517152.87
16247,57903807.61
16248,110441464.02
16249,51436267.61
16250,92122212.06
16252,263169846.75
16254,128062429.64
16255,48563791.45
16257,199129463.53
16259,74907791.96
16260,98637662.03
16261,71838345.65
16262,61886238.48
16263,55063660.55
16264,87957739.05
16265,66463332.85
16266,69839732.91
16267,97089761.19
16268,47451694.73
16270,75103150.0
16271,110851837.95
16272,131398296.45
16273,39434484.99
16274,82477375.85
16276,66677322.62
16277,84519140.54
16278,155872694.09
16279,103123922.8
16280,45323698.66
16283,56254787.28
16284,153433882.57
16285,67464748.35
16286,178664144.62
16287,125283494.06
16288,119623936.12
16289,70437935.04
16290,62186568.93
16291,58870246.38
16292,75528018.98
16294,140872951.52
16296,50795703.12
16297,64608779.23
16298,47833317.6
16299,110127887.68
16301,67785396.71
16302,61068036.92
16303,38795541.9
16304,103570177.82
16305,107645080.64
16306,110830565.65
16307,75874019.87
16308,61570861.34
16309,82440741.16
16310,158405738.63
16311,109110440.13
16312,59100617.07
16313,73102018.37
16314,199269636.05
16315,215989690.55
16316,96153495.6
16317,99277525.2
16318,71836158.08
16319,171750876.31
16321,122028668.72
16322,72391682.27
16324,55725645.03
16325,76325189.19
16326,49315461.48
16328,62459647.15
16329,315355472.34
16330,172169702.13
16331,217363033.38
16332,139522921.56
16333,129286576.37
16334,92296481.72
16335,56158213.85
16336,98957892.12
16337,62542196.1
16338,164571347.45
16340,116897800.13
16341,62432355.12
16342,123156406.14
16343,96862074.8
16344,83230014.39
16345,41135651.29
16346,113633294.35
16347,128810859.1
16348,78048903.37
16349,47524835.88
16350,64348358.17
16352,251124934.65
16353,130236974.05
16355,111064821.59
16356,23939686.28
16357,94011755.12
16359,137905981.12
16361,69428112.13
16362,71665586.02
16363,52828869.09
16364,130151323.44
16365,41423647.9
16367,101611847.92
16368,106115660.77
16370,47778674.27
16372,81000149.61
16373,47341259.79
16374,57526917.75
16375,110881397.28
16376,90953128.36
16377,63500087.64
16378,70083546.77
16379,236427665.92
16380,91681810.2
16381,108483147.55
16382,158857344.61
16383,151867534.23
16384,185436478.39
16387,71431713.88
16388,319609566.3
16389,61817177.01
16390,73519557.69
16391,112404979.53
16392,53260654.35
16393,193021685.4
16394,156856613.84
16395,128691100.98
16396,116053959.11
16397,91490160.25
16399,82051028.41
16400,93803962.91
16401,126688074.31
16402,273592185.34
16403,80616381.91
16404,120752581.92
16405,244781203.12
16406,38859999.26
16407,130059230.17
16408,80543840.66
16409,46443886.97
16410,202622021.6
16411,99388560.68
16412,49809890.77
16414,82264498.31
16415,81425908.13
16416,92923876.46
16417,82413395.4
16418,125758549.9
16419,92262657.29
16420,93440819.42
16421,196178189.71
16422,65392300.42
16423,114964107.97
16424,56123439.16
16425,42386909.6
16426,63339938.13
16427,105192917.24
16428,58781205.49
16429,72526342.63
16430,38320764.0
16431,87347928.28
16432,95471111.9
16433,180004990.02
16434,89620316.08
16435,82321448.75
16436,55259067.93
16437,43826918.98
16438,47306244.15
16439,113099981.9
16440,83040649.14
16441,51177841.77
16442,101793367.64
16443,89895175.16
16444,73864758.81
16445,99629437.19
16446,185684864.5
16447,86076839.73
16448,191049216.21
16450,159947296.08
16451,68691517.13
16452,65304479.65
16453,159165853.13
16454,56374802.55
16455,96768887.85
16456,53635898.3
16457,69345342.91
16458,101368168.61
16459,199924397.63
16460,87888409.28
16461,143289455.1
16463,183501966.26
16465,231326433.3
16467,126637147.17
16470,98406278.51
16471,85179735.81
16472,78699792.38
16473,58155557.39
16474,79041853.56
16476,126738209.96
16477,50314597.78
16479,300437791.98
16480,69845713.78
16481,69256681.68
16482,209057312.02
16483,104298355.57
16484,94143767.9
16485,85596451.79
16486,126049545.34
16487,180550593.65
16488,81600091.83
16489,407524800.55
16490,49295980.48
16491,113722360.82
16492,133765362.09
16493,59666488.37
16494,50606555.78
16495,65874860.76
16496,175155545.6
16497,123533019.62
16499,105718489.21
16500,80895862.68
16501,192521542.83
16504,50990129.3
16505,50252003.66
16506,33944414.28
16507,132058356.61
16508,26603492.31
16509,101387353.67
16510,41937851.96
16511,132731680.88
16512,95514573.45
16513,78090242.04
16514,42967352.76
16515,84249831.49
16516,68363718.44
16518,130628200.77
16519,58571811.18
16520,77801693.35
16521,160997792.57
16522,195838030.5
16523,64230308.78
16524,122368497.54
16525,82074009.45
16526,61491008.91
16528,150915698.9
16529,49781327.46
16530,71292296.84
16531,73146664.66
16532,68806052.21
16533,73516209.48
16534,214973394.77
16535,115342387.48
16536,83808528.89
16537,107348432.01
16538,77570147.93
16539,48300921.18
16540,177428919.07
16541,137556811.12
16542,170455200.95
16543,124140070.86
16545,61931076.39
16546,56359836.01
16547,147663419.21
16548,69301427.99
16549,90815177.82
16551,68183905.38
16552,42612200.91
16553,66177267.96
16554,83023684.92
16556,147441477.59
16557,116327826.27
16558,86304751.73
16559,135940804.64
16560,315088455.61
16562,337846992.91
16563,91480553.2
16564,90701930.97
16566,84739597.0
16567,118765267.24
16568,86473995.63
16569,141933320.22
16570,221323305.18
16571,88428252.33
16572,70856901.02
16573,57903814.55
16575,57399649.12
16576,75164889.83
16577,50690891.85
16579,96923356.27
16580,69866501.19
16581,77910936.65
16582,98526816.15
16585,89629813.14
16586,107470366.81
16587,110798216.25
16588,65906654.35
16589,66121080.87
16590,119053174.08
16591,97110027.46
16592,25256936.54
16593,109357486.03
16594,112566364.53
16595,62594257.68
16596,99768713.7
16597,68101335.37
16598,77643285.98
16599,131787371.06
16600,163258917.39
16601,78653846.21
16602,121161111.8
16604,80182790.05
16605,73654478.76
16606,85231705.14
16608,104379226.72
16609,106317251.14
16610,86122390.35
16611,265862815.76
16612,58456384.9
16613,181828283.89
16614,73187180.82
16615,123178350.77
16616,117452575.55
16617,89541814.13
16618,100521082.55
16620,93820466.7
16621,29580945.3
16622,101875213.91
16623,225586741.1
16624,70568793.68
16626,208045018.72
16627,317294472.24
16628,192286792.41
16629,81815242.43
16630,55325390.55
16631,66847492.13
16632,56936804.15
16633,211977756.57
16634,78070673.92
16635,109692657.6
16636,83356683.5
16637,81226203.53
16638,52835628.78
16639,112341956.91
16640,80056296.42
16641,83355027.07
16642,150780187.85
16643,98437542.39
16644,248962660.61
16646,241686834.04
16647,95552961.36
16648,142980003.76
16649,50181975.96
16650,69237543.39
16651,118089374.9
16652,85056057.11
16653,50893770.34
16654,47380575.44
16655,100158349.72
16656,94191950.18
16657,57817159.36
16658,84825841.09
16659,105458894.91
16660,123526790.72
16662,69842939.92
16664,217960808.54
16665,180615609.85
16668,96828585.96
16669,60880305.66
16670,51389843.32
16671,111586274.14
16672,84148648.75
16673,79136378.4
16674,46679615.34
16675,56287203.47
16676,103435177.42
16677,76903445.05
16678,57146439.65
16680,90719778.73
16681,120763219.91
16682,61502548.24
16684,74880071.54
16685,87406271.06
16686,52225925.32
16687,88059366.73
16688,44343857.69
16690,40652368.47
16691,174108422.82
16692,322644082.08
16693,97403054.92
16694,63802328.41
16695,89559460.6
16696,84153110.15
16697,97103043.57
16698,194005480.99
16699,59245204.72
16701,53920061.83
16702,64209615.58
16703,181678067.12
16704,64111210.07
16705,264486820.5
16706,76592788.36
16707,93561970.13
16708,94620109.49
16709,91722743.47
16710,74464060.17
16711,92594146.53
16712,57818474.23
16713,198731895.95
16714,164549473.36
16715,57847725.62
16716,45489284.3
16717,126618721.47
16718,51004642.92
16719,63731877.29
16720,48893591.47
16722,74317285.74
16723,44235090.71
16724,59396005.16
16725,85513957.57
16726,67535738.31
16727,96665003.59
16728,82381986.28
16729,115250173.89
16730,218311324.5
16732,50978349.33
16733,98791037.51
16734,133880524.56
16735,68293967.66
16736,75533411.76
16737,132254654.85
16738,71082703.76
16739,120816561.93
16740,134026501.44
16741,102389830.46
16742,64909667.02
16743,152880729.08
16744,116644067.32
16746,76285718.39
16747,57721254.48
16748,55553137.78
16749,77935169.58
16750,97713089.71
16751,86142083.39
16752,45863684.85
16753,147683217.6
16754,76549952.89
16755,205797838.82
16757,33503976.25
16758,65814025.95
16759,71564863.37
16760,45624152.86
16761,73887556.54
16762,60918950.29
16764,335308079.27
16765,95755543.94
16766,69001724.15
16767,105808117.65
16768,61183882.75
16769,81147491.19
16770,94671809.64
16772,86925160.62
16773,120541925.02
16774,149242735.94
16775,50297657.9
16776,106394416.12
16777,73750631.8
16779,200711736.43
16780,106662166.36
16781,164522361.51
16782,117307275.92
16783,116652251.44
16784,83093581.62
16785,81996496.11
16786,92792645.09
16787,97715622.91
16788,228525812.47
16789,83499297.84
16790,127848398.13
16791,200211483.32
16792,71536305.15
16793,132204950.24
16794,60317496.45
16795,86219442.44
16796,98428464.21
16798,166694023.52
16799,284430674.62
16800,331319400.85
16801,107195816.88
16802,189691588.83
16803,107462286.94
16805,88835129.73
16806,41661099.83
16807,55523040.37
16808,86071848.78
16809,159455208.35
16810,51885865.49
16811,82409250.68
16812,29989929.3
16815,92136462.42
16816,128755064.3
16817,66968016.61
16818,77104902.62
16819,381026147.4
16820,91380583.51
16821,112006758.13
16822,89774007.3
16823,100872548.85
16825,71086662.26
16826,78928164.89
16827,221713836.15
16828,108923528.35
16829,70177395.2
16830,62643908.75
16831,87408126.08
16832,121184345.55
16833,90471029.04
16834,80943532.21
16835,71422142.21
16837,157178256.62
16838,75201670.85
16839,100682453.21
16840,140124640.32
16841,56449152.15
16843,129595753.69
16844,46404280.99
16845,260746326.99
16846,93266413.61
16847,80738190.5
16848,127463456.47
16849,28745481.78
16850,72776901.4
16851,85328800.27
16852,73872865.88
16853,49465724.97
16854,167962158.22
16855,166575587.74
16856,123377113.2
16857,110055502.16
16858,147438735.91
16859,40959220.95
16860,69569873.65
16861,69558104.19
16862,61529157.45
16863,46220087.53
16864,95402128.55
16865,54418280.34
16866,84664787.48
16867,66986096.87
16868,72454385.07
16869,70900915.64
16870,60686614.81
16871,151580895.2
16873,66936299.94
16874,69971138.79
16875,120777277.57
16876,74424574.04
16877,39384392.37
16878,58637783.14
16879,110847998.79
16881,85577123.75
16883,143835864.8
16884,73673111.57
16885,83963095.37
16886,49975091.29
16887,138368438.13
16889,114142439.38
16890,133649800.75
16891,72219615.38
16892,55229790.08
16893,47667651.04
16894,172297372.86
16895,121905630.79
16897,144171121.49
16898,165300778.27
16899,143909905.43
16900,87773620.97
16901,65704888.07
16902,64037480.74
16903,58729243.79
16904,144582568.7
16905,62404113.16
16906,97412203.59
16908,179294138.01
16909,59825088.11
16910,83832363.14
16911,72260192.24
16912,101272523.4
16913,74474870.76
16914,64208916.01
16915,39969531.68
16916,65877046.28
16917,88849997.12
16918,82556627.94
16919,143523072.81
16920,57700587.69
16922,87157060.3
16923,106707167.74
16924,193257756.21
16925,136331402.97
16926,76229851.18
16927,94848975.42
16928,159014189.0
16929,57564269.51
16930,56621370.95
16932,94416342.31
16933,54411877.82
16934,381771359.34
16935,62133216.65
16936,105326353.91
16937,68264707.89
16938,62311559.82
16939,109612521.85
16940,90520795.53
16941,69379548.27
16942,130593102.52
16943,130879901.56
16944,63523337.83
16946,69106044.53
16947,59987839.76
16948,59192969.23
16949,96767282.09
16950,104662355.68
16952,114766091.34
16953,70310573.16
16954,79542630.53
16956,78468651.24
16957,134358055.94
16959,54098852.31
16960,114248030.9
16962,54897336.83
16963,64896035.67
16964,61211624.82
16965,119994623.89
16966,135589785.86
16967,62363791.72
16968,59924495.1
16969,66621972.86
16970,47156730.22
16971,199614623.74
16972,68903318.23
16973,63439127.98
16974,75404731.34
16975,95104204.85
16977,62666481.24
16978,131116021.22
16979,82845917.57
16980,143454128.45
16981,74518669.68
16983,162550127.67
16984,70146519.16
16985,181858911.43
16986,132715348.65
16987,80500276.02
16988,79925286.91
16989,83228027.99
16990,76170066.37
16991,65226729.85
16993,71620075.81
16994,46844059.27
16995,136314649.3
16996,78253105.65
16997,68693785.96
16998,110358321.0
16999,101911292.02
17000,51060665.39
17001,52207213.55
17002,62149517.92
17003,62660560.99
17004,132209441.23
17005,42997644.37
17007,46467366.63
17008,124513102.21
17009,34039923.49
17010,101394315.67
17011,77894788.56
17012,67669076.65
17013,77735379.3
17015,62713985.67
17016,140924470.94
17017,124996963.54
17018,62875572.61
17019,95682492.25
17020,93155395.16
17021,139116542.91
17022,60552320.9
17023,60269358.59
17024,173491631.52
17025,39776176.22
17026,97459365.65
17027,62077808.51
17028,276949250.68
17030,68912839.08
17031,79155979.09
17032,103085712.29
17034,120160607.98
17036,62431500.71
17037,88707933.95
17038,160411532.44
17039,64626348.9
17040,59588652.98
17041,80705071.25
17043,45743533.82
17044,159933213.67
17045,60424048.36
17047,89660634.26
17048,91552901.14
17049,256085147.64
17050,71224486.26
17051,62875032.29
17053,68690816.01
17054,40192644.43
17057,48677560.35
17058,71811762.2
17059,97519503.33
17060,188986288.92
17061,52158005.33
17062,66796360.2
17063,99595604.57
17065,42014187.9
17066,91614046.87
17067,46411716.05
17068,50983396.68
17070,167770291.19
17071,113479609.7
17072,107479945.53
17073,129835622.42
17074,123205055.93
17075,138456672.12
17076,67886253.01
17077,50285229.58
17078,50980277.89
17079,50773926.3
17080,64933669.71
17081,80169327.41
17082,131364820.76
17083,117570038.89
17084,140944447.91
17085,58845583.84
17086,59809936.38
17087,118314707.59
17088,83863716.75
17089,60540348.27
17091,141339642.04
17093,154492146.9
17094,111384189.38
17095,76195009.48
17096,99124472.04
17097,85246030.17
17099,66753361.43
17100,53503981.08
17101,44051090.53
17102,139179098.8
17103,175631714.01
17104,67498287.29
17105,49582172.33
17106,129645348.0
17108,80309507.13
17109,96242704.83
17111,67668871.68
17112,105476994.59
17113,51063522.76
17114,111798890.97
17115,170563152.22
17117,98720104.31
17119,97061628.06
17120,129052817.77
17121,81709715.08
17123,105860869.8
17124,193636814.0
17125,116354352.07
17126,120488607.97
17127,40434478.23
17128,112135387.24
17130,52841930.77
17131,110527565.79
17132,55546225.21
17133,129751976.91
17134,84738195.21
17135,50698383.92
17136,65922899.56
17137,186857048.19
17138,71266247.64
17139,61716385.16
17140,81768005.81
17141,56892772.27
17142,115201843.17
17144,88455879.43
17145,80036882.27
17146,157748968.4
17147,253673699.7
17148,64291697.03
17149,85233967.42
17150,68214269.94
17151,98493758.22
17153,87452190.02
17154,125617492.5
17155,249970036.56
17157,86196425.28
17158,126410519.83
17160,43066739.34
17161,166047198.83
17162,122641060.18
17163,246846948.62
17164,47802972.34
17165,60018439.87
17166,78908869.58
17167,81883406.16
17168,140714449.39
17169,123165704.53
17170,203493200.65
17171,118811776.31
17172,75037566.51
17173,182796708.0
17174,73145998.44
17175,340332460.43
17176,63061981.08
17177,120514336.85
17178,72922470.34
17180,50411263.65
17181,58740081.87
17182,138882447.55
17183,80796107.89
17184,66164668.56
17185,55150731.18
17186,66830268.62
17187,361094354.39
17188,88159800.5
17189,46185794.65
17190,101842161.45
17191,59200407.34
17192,110961544.53
17194,73388006.64
17195,47673110.73
17197,63729282.43
17198,52015689.93
17199,63249599.43
17201,169876748.65
17202,76486248.5
17203,82815257.4
17205,140923755.44
17206,78547691.74
17207,103976057.68
17208,80876451.38
17210,89505992.8
17211,256488920.61
17212,75873618.11
17213,62137015.15
17214,151135768.19
17215,74544721.52
17216,57066896.05
17219,113738609.1
17220,169971501.99
17221,57449056.98
17222,93103795.17
17223,122902935.47
17224,81429023.3
17225,127387088.87
17226,166510547.22
17228,104783930.89
17229,60711602.09
17230,83830000.51
17231,55405909.67
17232,90665903.31
17233,291790650.39
17234,154801484.8
17235,73539580.66
17236,127351757.21
17237,58242565.24
17238,325184426.23
17240,49227725.76
17241,115633137.85
17242,88307925.4
17243,92904385.36
17244,58064023.23
17245,160028855.22
17246,89196782.09
17247,93335070.4
17248,99535023.37
17249,75798967.92
17250,97121703.69
17252,79717378.04
17253,117485084.58
17254,81606861.58
17255,86764119.56
17257,57573229.43
17260,105249032.25
17261,48198268.14
17262,101734177.49
17263,92501206.34
17265,95478890.86
17266,76296357.48
17269,73533640.7
17270,185266813.45
17271,63581928.83
17272,84081272.31
17273,184247532.09
17274,83166001.05
17275,77997997.99
17276,112347223.0
17277,81361913.42
17278,112759511.48
17279,75860654.94
17280,78956000.28
17281,91376969.57
17282,140267430.57
17283,106341788.18
17284,183597294.45
17285,280636952.05
17287,60369574.39
17288,200750731.45
17289,74117086.35
17290,89865466.73
17291,125907408.56
17293,85205624.14
17294,116466397.09
17295,83455206.71
17296,61735923.05
17297,84787784.81
17298,106741547.31
17299,92370383.88
17300,72720428.87
17301,73673895.11
17302,53928618.65
17303,114616678.39
17304,105861101.13
17305,190245901.09
17306,141502138.91
17307,112269040.71
17308,70202322.26
17309,147155438.37
17310,53010165.37
17311,144664169.5
17312,146679095.9
17313,71638191.4
17314,60044671.9
17315,84899277.81
17316,135498524.6
17317,99305526.52
17318,61034520.99
17319,140828809.03
17320,230011798.83
17322,49683061.08
17323,128767621.9
17324,67536459.87
17325,116588944.3
17326,53514505.26
17327,262876558.69
17328,77824686.18
17329,51708465.55
17330,55936279.12
17331,68611978.37
17332,105382170.47
17333,116720075.66
17334,178279675.19
17335,91141050.17
17336,70656909.26
17337,99332275.92
17338,68992456.68
17339,78561380.17
17341,101110384.84
17342,110960168.76
17343,87608410.55
17344,60880682.05
17345,139674170.67
17346,55545857.48
17347,79901987.21
17348,190224012.15
17349,98970250.45
17351,65187046.1
17353,114529758.3
17354,58485329.75
17355,119982750.87
17356,156544990.34
17357,84246453.93
17358,149664246.21
17359,75240850.14
17360,37713178.92
17361,231021677.55
17362,110702884.47
17363,89163371.6
17364,136080395.84
17365,113221853.75
17366,112190926.33
17368,115866562.34
17369,88007492.84
17370,74010948.21
17371,96317396.06
17372,110865844.84
17374,88873130.79
17375,173002316.2
17376,86630536.09
17377,72499674.95
17378,122516628.04
17379,83163289.11
17380,92876458.67
17381,133464591.4
17382,44234466.04
17383,47950561.88
17384,105638298.64
17386,143307317.38
17387,48091476.68
17388,85793061.03
17390,102956831.27
17391,137468553.03
17392,109811637.93
17394,121913559.02
17395,119012365.45
17396,210342033.39
17397,65776408.67
17398,66809459.8
17399,78961635.75
17400,69321028.05
17401,248973039.17
17402,67029345.21
17403,66048573.0
17404,74792434.16
17405,79815356.55
17406,63189670.9
17407,138726994.58
17408,114153390.42
17409,347900235.73
17410,124248726.99
17411,125723406.15
17412,107534506.08
17413,242308722.76
17414,139384799.53
17415,128804640.31
17416,116003264.83
17418,75536437.77
17419,94165510.1
17420,74030646.0
17421,129731219.92
17422,103315830.9
17423,111342805.51
17424,166078377.42
17426,128200938.9
17427,141617313.36
17428,96051527.65
17429,224291498.31
17430,67594950.99
17431,69285258.5
17432,75609936.54
17433,47507183.58
17434,138497108.2
17435,77908794.89
17437,54509251.77
17439,137926784.94
17440,83484574.32
17442,49499053.16
17443,91899315.51
17444,87640937.07
17445,377596855.56
17446,66908420.98
17447,75935567.88
17448,84609381.57
17449,47981852.45
17450,107884262.19
17451,71892775.37
17452,148558646.3
17453,193676881.14
17454,60788907.82
17455,68487987.09
17456,65816728.21
17457,48348856.74
17458,72583938.64
17459,91805367.29
17460,72980491.96
17462,82723083.56
17463,197120250.3
17464,109769073.81
17465,82816102.91
17466,79356898.83
17469,123714996.34
17470,222931714.51
17472,46421790.37
17474,41757934.47
17476,83143998.26
17477,75774738.24
17478,148970181.63
17479,90208678.23
17480,117702309.04
17481,84525532.71
17482,274908212.25
17483,81533103.23
17484,204380611.11
17485,85116777.96
17486,85837239.59
17488,84315194.53
17489,50438373.42
17490,99903428.38
17491,92473396.75
17493,144446859.62
17494,72916391.25
17495,72978522.66
17496,35581795.74
17497,113489691.17
17498,57977148.87
17500,64077721.01
17501,74749514.96
17502,72603563.26
17503,68345758.81
17504,65215954.71
17505,63862411.3
17506,137131503.85
17507,146968589.72
17508,96174607.29
17509,103255821.66
17510,104729569.49
17511,120469496.91
17512,60604833.4
17513,69104558.8
17514,86787972.04
17515,260769652.23
17516,100141115.64
17517,41161241.32
17518,45602566.69
17520,71011409.66
17522,95639548.4
17523,141963529.76
17524,75428605.07
17525,260569095.01
17526,163160399.66
17527,40151919.15
17528,248856402.2
17529,139302945.26
17530,57082405.5
17532,80892278.71
17533,87627202.61
17534,84083896.79
17536,76569039.63
17537,97133319.09
17538,59804808.31
17539,73047859.71
17540,98137750.19
17541,67267197.66
17542,57614132.87
17543,77958420.45
17545,88967963.86
17546,65179676.53
17547,111315434.63
17548,83350075.14
17549,125583211.89
17550,70892006.51
17551,80905093.26
17552,48520230.29
17553,29276720.55
17554,55693308.69
17555,71153948.51
17557,54012232.62
17558,172768166.87
17559,60206056.52
17560,79320348.67
17561,91075426.43
17563,37015236.91
17564,127047961.23
17565,219641489.35
17566,77510528.11
17568,276345853.92
17569,74188630.05
17572,212938765.58
17573,150189898.69
17576,56888269.02
17577,56060569.69
17578,84411285.85
17579,77569144.97
17580,128549444.51
17581,120876851.63
17583,162318328.21
17584,95865363.4
17585,151368402.14
17587,323180991.12
17589,56770632.96
17590,43181860.53
17591,122908293.9
17592,89173353.39
17593,78773045.97
17594,130455085.26
17595,144947827.83
17596,57090108.92
17597,91577438.54
17598,79818926.54
17599,52299390.28
17600,113157823.57
17601,49243754.32
17603,116222152.46
17604,38790761.41
17605,120166630.77
17606,106985112.55
17607,151900621.11
17608,143629344.93
17609,92997295.69
17610,75695778.01
17611,99209227.4
17612,119026161.09
17613,190168567.6
17614,70092616.82
17615,115941629.39
17616,62514066.15
17617,128564776.61
17618,54986057.44
17619,85398336.5
17620,87943742.5
17621,64556470.74
17622,70682987.92
17623,98442567.37
17625,71832815.48
17626,149712672.8
17627,96194206.97
17628,200214232.87
17629,47704302.68
17630,72916102.57
17631,143874788.4
17633,81494767.94
17634,62707699.62
17635,100629091.16
17636,84672668.71
17637,288678799.32
17638,58973367.84
17639,104254990.51
17641,131027616.2
17642,114201889.31
17643,54864412.58
17644,33874679.92
17646,114038733.95
17647,128990248.76
17648,105716701.92
17650,121387802.85
17651,146329861.66
17652,67557308.37
17653,269744745.91
17654,114410705.75
17655,150465644.77
17656,110348304.03
17657,74084590.88
17658,157115461.28
17659,71162235.65
17660,54919445.27
17661,102928027.49
17662,124144176.59
17663,92551184.02
17664,74237675.69
17665,249649658.91
17666,83262927.17
17668,43912258.58
17669,135787731.51
17671,78677935.39
17672,86880655.73
17673,46573884.29
17674,131318176.55
17676,79793862.74
17677,87628848.64
17679,91602867.23
17680,72339571.96
17681,76516956.0
17682,100939088.19
17683,113504692.43
17684,72989988.25
17685,97539470.71
17686,114538745.34
17687,120082379.98
17689,90059850.72
17691,63141155.79
17692,319469528.21
17693,153580553.59
17695,58262486.47
17696,67596861.25
17697,119932731.82
17698,64465977.55
17699,144888722.67
17700,138936020.82
17702,38225479.93
17703,50897998.37
17704,108719840.4
17706,84510793.6
17708,107454629.66
17709,80373606.77
17710,76273908.75
17711,72413211.13
17712,44364105.03
17713,39764520.14
17714,98169636.49
17715,88456479.53
17716,223204768.97
17718,209029029.48
17719,108609557.86
17720,99012897.25
17721,119231089.52
17722,99318469.39
17723,101476230.29
17724,69616209.95
17726,52358153.48
17727,81800029.37
17728,164843803.94
17730,146552667.7
17731,119781251.64
17732,70550750.36
17733,62131257.98
17734,65846798.59
17735,109671067.74
17736,96317351.11
17737,83143568.29
17738,64889595.24
17739,98407318.8
17740,107752579.48
17741,126916283.2
17742,64989949.16
17743,43971555.11
17744,123852314.57
17745,54288277.48
17746,173630194.15
17747,217314309.86
17748,68099562.26
17749,43531322.57
17750,370018669.36
17751,131408857.24
17752,76709318.78
17753,67122042.87
17756,188598406.18
17757,93905488.93
17759,77836430.74
17760,181855268.34
17761,206848990.54
17762,82661738.69
17763,80518776.73
17764,45476156.86
17766,208656841.73
17768,81700448.16
17769,101578731.28
17770,87823598.51
17771,172784216.85
17772,79200219.73
17773,96577019.73
17774,155774494.84
17775,71464153.27
17776,151475233.46
17777,55090946.75
17778,147861932.92
17779,147075557.89
17780,72626553.36
17783,159975878.15
17784,84804996.01
17785,90887670.09
17786,232525725.97
17787,101938977.09
17788,107200450.77
17789,69556119.68
17790,138755628.97
17792,191684577.45
17793,111964749.25
17794,48063620.53
17795,101324056.22
17797,115619997.18
17798,94815513.42
17799,85042670.45
17800,98056516.84
17801,64246430.82
17802,77825323.68
17803,180081840.05
17804,78650508.25
17805,97944150.86
17806,41396318.52
17807,59359732.47
17808,68372999.05
17809,97076106.03
17811,76440031.15
17812,85437248.91
17813,100791944.77
17814,83168086.67
17816,60785801.24
17817,130841348.57
17818,184806095.69
17819,68573298.91
17820,49697245.44
17821,37909389.43
17822,231552332.42
17824,91171909.15
17825,67976355.82
17826,129149926.28
17827,72563783.67
17828,58485779.02
17829,88236127.17
17832,95231594.57
17833,67209825.18
17834,64348103.24
17835,36779101.31
17836,108735929.82
17837,158537040.4
17839,70711882.2
17840,122197283.66
17841,94624485.4
17843,176006417.42
17844,101645096.21
17845,66223751.15
17846,57902174.16
17847,239087106.33
17848,90629746.37
17849,31431234.29
17850,55277790.59
17852,116094706.81
17853,97041289.78
17856,120571715.24
17857,79548442.04
17858,62993541.72
17859,70747341.34
17860,83380978.43
17861,53659524.34
17862,130571526.29
17863,31903682.51
17864,60226520.69
17866,394425393.0
17867,48874311.69
17868,77834170.73
17869,80158448.86
17870,84602193.95
17871,197099903.13
17874,86570966.47
17875,143058096.03
17876,59530645.4
17877,126400958.13
17878,61410723.98
17879,93823437.6
17880,53316441.99
17881,54041020.17
17882,91015676.08
17883,85231840.51
17884,130840622.7
17885,74607791.69
17886,166525816.89
17888,175543420.29
17889,93909634.14
17890,120343365.78
17891,178829632.3
17892,95308822.62
17893,65395609.74
17894,85866100.68
17895,128065323.62
17896,40670285.46
17897,88454031.91
17900,189809875.33
17901,223113078.78
17902,73951116.76
17903,270128789.17
17904,98697951.86
17905,97348529.74
17906,101171203.63
17907,101724983.61
17908,53387909.49
17909,45448233.41
17910,78968646.07
17911,65550686.06
17913,153126910.09
17915,137209460.63
17916,65741879.75
17917,183491541.84
17918,36388965.29
17919,82267615.93
17921,47501617.53
17922,91162781.1
17923,115133214.73
17925,51685633.81
17926,201322417.46
17927,238542307.19
17928,121091156.7
17929,75762347.37
17930,70128405.94
17931,61147222.55
17932,157331483.29
17933,214129899.53
17934,43130482.74
17935,151341300.84
17936,57547320.01
17939,70079518.12
17940,357950767.96
17941,80100517.89
17942,61778136.51
17943,54396478.29
17945,187261783.05
17946,132786893.03
17947,168055376.33
17948,127693431.44
17949,116384556.28
17950,331850742.65
17951,75849838.97
17952,67247070.97
17953,71972319.02
17954,149407493.32
17955,68780276.77
17956,169351316.72
17957,70724016.94
17958,261757209.0
17959,177646397.63
17960,152280422.2
17961,58657690.9
17962,108952967.33
17963,78061818.85
17964,127224682.69
17965,94656255.35
17966,103845273.32
17967,54193097.73
17968,58949535.54
17970,63866813.86
17971,199613999.32
17972,83949606.08
17974,49712929.51
17975,116076274.16
17976,245403856.24
17978,90830492.44
17979,64654772.72
17980,97130905.89
17981,136209519.54
17982,74473160.32
17983,172904927.19
17984,341978101.8
17985,104423682.25
17986,171129824.02
17987,60103523.14
17988,53359447.93
17989,54285370.51
17990,46448731.19
17991,175036636.04
17994,136699371.68
17995,123177029.41
17996,134469627.25
17997,89344514.59
17998,90755101.35
18000,457832162.0
18001,57039470.16
18002,129735769.57
18004,65386524.2
18005,71368421.9
18007,80352500.78
18008,52488940.76
18009,154513404.24
18010,95471030.43
18011,167910426.96
18012,411501225.68
18013,178003559.48
18014,93210105.92
18015,275844007.87
18016,97337710.51
18017,47308459.6
18018,84797366.97
18019,127521904.86
18021,79644063.69
18022,112518972.22
18024,78653043.69
18025,36926633.33
18026,76470511.16
18027,66559525.92
18028,93926161.52
18029,56022187.47
18031,102268799.22
18032,39249010.19
18034,141897082.96
18035,112578476.27
18036,107121379.86
18037,114369182.25
18039,38879483.28
18041,249948744.74
18042,150502138.09
18043,49545421.24
18044,108689913.5
18045,93714150.07
18046,74714980.49
18047,156427857.47
18048,117595339.05
18049,186701373.73
18050,89276669.19
18051,135383404.8
18052,98721486.49
18053,81208732.5
18054,81370186.28
18055,59908576.13
18056,134430726.08
18057,106014343.61
18058,76523681.17
18059,59988407.48
18060,55890927.87
18061,67692894.56
18062,127359796.02
18063,82735106.35
18064,153631982.11
18065,70359977.26
18066,58225284.48
18068,101148841.32
18069,66830257.25
18070,75654526.86
18071,72906822.45
18072,71391210.14
18074,256997810.11
18075,127835325.57
18076,145975235.28
18077,170682971.86
18078,76841983.01
18079,67677431.36
18081,81782745.51
18082,50862787.6
18083,172356556.88
18084,197399296.45
18085,71885957.73
18086,68718836.17
18087,206148952.15
18088,79369831.66
18090,68908085.16
18091,77827820.28
18092,163815920.48
18094,88987371.11
18095,113973369.9
18097,290096906.71
18098,80175243.59
18099,138627384.46
18100,93768701.07
18101,95472955.49
18102,63483587.02
18103,60405041.1
18104,90490950.64
18105,163178930.21
18106,77297707.47
18108,106281800.72
18109,68536108.63
18110,53709351.29
18111,139148286.48
18113,190293212.62
18114,84829334.34
18115,64767196.81
18116,68484755.89
18118,172940110.32
18119,73668100.34
18120,270504210.72
18121,69299121.23
18122,190905791.8
18123,60415660.53
18124,79229765.33
18125,66580399.74
18126,113044645.34
18128,85302831.91
18129,185751502.59
18130,34384742.42
18131,59418947.13
18132,38406473.37
18133,184742779.86
18134,56454157.93
18135,139332582.66
18138,44225373.21
18139,174691663.07
18141,109725847.12
18142,61328939.64
18144,72546417.62
18145,64670157.61
18146,135584905.58
18147,65778778.56
18148,363241464.15
18149,66449430.5
18150,157639681.12
18151,86205183.08
18152,60290735.63
18153,63568837.3
18154,70568206.07
18155,78969928.37
18156,131971978.04
18157,74423197.15
18158,82588720.34
18159,48682754.63
18160,68927617.56
18162,54163063.04
18163,59567916.38
18164,128897776.21
18165,67801600.24
18167,69446893.17
18168,86969768.62
18169,59516060.76
18170,70570433.54
18171,41598139.9
18172,264050917.33
18173,184188489.68
18174,96251962.71
18175,118337514.87
18176,105566646.6
18179,96601315.92
18181,98325802.84
18182,70936937.57
18184,237191014.25
18185,51475262.97
18186,64331961.76
18187,92751308.92
18189,65386925.72
18190,80808691.06
18191,98820258.22
18192,84866719.0
18193,192588298.14
18194,41529404.9
18195,268972317.46
18196,46848817.28
18197,269006699.72
18198,93412286.95
18199,81933796.95
18200,87981839.88
18201,67884103.77
18202,89777444.72
18203,91182441.42
18204,53029954.81
18205,146130678.77
18206,105093436.13
18207,66546006.32
18208,97299786.79
18209,51422818.78
18212,197892405.98
18213,68086455.44
18215,59359969.78
18216,112035490.11
18217,66190067.38
18218,112805722.81
18220,97156600.91
18221,129920628.12
18222,82566723.07
18224,64291100.61
18226,130882264.57
18227,91071124.05
18228,84183369.91
18229,97295487.86
18230,114975475.04
18231,154543177.34
18232,115360245.63
18233,110288217.99
18234,73492374.59
18235,107439780.31
18236,177855231.97
18238,167955043.43
18239,208970416.22
18241,122100216.41
18242,152811582.17
18243,96277785.58
18244,59520488.38
18245,106610987.68
18246,87725800.44
18247,112856861.15
18248,49002554.3
18249,77722324.94
18250,89051306.18
18251,75110058.37
18252,90304364.33
18253,91551904.5
18254,241896656.18
18255,38921713.26
18256,80585894.77
18257,248062430.93
18258,101038373.67
18260,213138700.43
18261,127224863.9
18264,100013202.94
18265,142517650.72
18266,182355727.58
18267,92030733.76
18268,126771480.79
18269,58706208.67
18272,68790968.17
18273,85124898.09
18274,100636032.04
18275,68994216.26
18276,133897143.17
18278,44814422.81
18279,67494096.98
18281,49653450.04
18282,62057041.58
18283,68468950.7
18284,349844383.83
18285,95748070.57
18286,51756400.54
18287,112261546.69
18288,45026832.82
18290,81076874.32
18291,37845933.59
18293,61783988.74
18294,76563628.22
18295,72807882.65
18296,107400030.65
18297,53117077.07
18299,49653471.33
18300,91562814.65
18301,52848647.0
18302,59572923.7
18304,81786216.81
18305,57429572.69
18307,173779982.88
18308,56716972.99
18309,192448941.0
18311,63486152.48
18312,203335988.88
18313,144091413.34
18314,367325852.26
18315,162703398.33
18316,117705797.82
18317,124657000.91
18319,110306792.88
18320,67752088.81
18321,72145919.26
18322,58363597.0
18323,118855265.79
18326,69856744.82
18327,85478902.64
18328,62398221.03
18329,82566228.02
18330,86198695.58
18331,162747954.45
18332,105290412.47
18333,95230512.82
18334,89861607.12
18335,174855055.35
18336,72943654.96
18337,122236242.98
18338,134117344.51
18339,181003065.37
18340,72907677.16
18342,40466743.38
18343,142270686.29
18344,244703784.83
18345,190289361.95
18346,101644313.25
18347,112722139.7
18348,50825934.07
18349,59537288.14
18350,127415857.39
18351,55311084.9
18352,156161668.12
18353,91415370.33
18354,119227544.14
18356,131303809.87
18357,76894322.24
18359,98480447.29
18360,78995970.92
18361,181208636.58
18362,80728460.68
18364,84429269.01
18366,68197450.39
18368,107897620.03
18369,52210249.41
18370,39889411.37
18373,101040830.61
18374,80734478.73
18375,78998780.97
18376,65893749.93
18377,113326038.25
18378,78830738.18
18379,54485825.79
18380,107704012.24
18382,68651856.64
18383,77959371.52
18384,134032778.82
18385,81724756.82
18386,86280337.1
18387,75099854.65
18388,91167119.74
18389,242042279.08
18391,193522139.22
18392,49362056.22
18393,209595443.43
18394,166296034.31
18395,45570374.82
18396,134627814.61
18397,83226962.54
18398,158353394.46
18399,65741223.82
18400,76855130.53
18401,236890198.09
18402,164921414.81
18403,66351906.32
18404,63692829.16
18405,95810383.58
18406,76783668.4
18407,83828677.33
18408,85605030.03
18409,50726387.87
18410,109151404.7
18411,58726136.34
18412,73530996.53
18413,164308115.83
18414,57293339.71
18416,62181423.28
18417,199436984.05
18418,105196489.95
18419,155670133.84
18420,69574167.64
18421,89155732.56
18422,28495713.77
18423,123718155.73
18424,139093519.94
18425,149949332.6
18426,210857955.69
18427,85931723.51
18428,88262450.03
18429,61204210.25
18432,230576951.87
18434,44679195.25
18435,54556996.77
18436,90217581.29
18437,74739730.12
18438,85379299.07
18439,36985430.31
18440,53143151.36
18442,81259204.83
18443,161532117.89
18444,76313295.93
18445,132020317.47
18446,80085833.16
18447,60117979.1
18448,105260324.08
18449,52293098.04
18450,69409256.54
18451,172081805.48
18452,148420056.84
18453,98667753.95
18454,46261401.52
18455,95019294.58
18457,65403873.15
18458,117855056.79
18459,198561520.44
18460,83653569.08
18461,109096295.88
18462,39554886.93
18463,89313939.76
18465,147169517.23
18466,201732171.4
18467,165850880.63
18468,85481771.2
18469,87144436.76
18470,62340352.49
18471,47217946.87
18472,96763108.92
18474,84929726.88
18475,104544886.66
18476,69425552.74
18477,107187387.04
18478,39487482.63
18479,82787871.99
18480,150060922.13
18481,86890999.75
18482,85919336.18
18483,153131890.64
18484,87132751.28
18485,60384617.09
18486,59152329.11
18488,88167535.13
18489,94852370.76
18490,76827249.98
18491,76069745.93
18492,50628907.87
18494,111037417.11
18495,366954804.14
18496,59734055.25
18498,285656327.35
18499,195536141.82
18500,91082240.81
18501,38817783.68
18502,263060829.9
18503,94789318.59
18504,61529017.28
18505,102396120.71
18506,55975351.78
18507,178087372.48
18509,168708794.13
18510,66692769.39
18512,81839829.83
18514,64752416.69
18515,48254334.02
18516,38777815.32
18517,145215016.76
18519,76841058.99
18520,87612907.95
18521,80227890.22
18522,156312399.39
18523,67045632.69
18524,194846145.15
18526,46665742.71
18527,218552470.37
18528,53793696.1
18530,173055013.99
18532,239272135.63
18533,95980988.04
18534,45206683.2
18535,128414379.07
18536,143221804.11
18537,105788598.15
18538,44754864.73
18539,87442409.47
18540,60506665.29
18541,90646310.91
18542,93007419.55
18543,92980232.11
18544,51954394.17
18545,49455792.69
18546,82594680.45
18547,49245824.12
18548,147938214.63
18549,49359720.43
18550,72096961.0
18551,185571628.74
18553,52021119.21
18554,71107739.88
18555,59838260.81
18556,68370255.14
18557,72649148.0
18558,78344197.9
18559,80503695.43
18560,271635211.64
18561,128244265.35
18562,219889807.35
18563,66026340.33
18564,90589306.25
18565,212806624.26
18566,159897208.2
18567,73310475.5
18568,141650210.23
18569,68996671.62
18570,101087371.72
18571,95789553.36
18573,124284544.85
18574,80024149.8
18575,135209718.06
18576,73714762.49
18577,42762293.85
18578,106933016.51
18580,276135431.22
18581,92813238.57
18582,176799016.08
18583,97792356.86
18584,180858277.16
18585,95956151.83
18586,202191387.08
18587,64239458.88
18588,91013800.57
18589,77418581.03
18590,77777117.98
18591,152580168.35
18592,59593064.87
18594,125576537.1
18595,132619095.61
18596,68936344.06
18597,37072297.05
18598,39707805.72
18599,95534358.42
18600,37427811.48
18601,80805236.51
18602,44019423.68
18603,65316407.01
18604,103677353.29
18605,111076023.35
18606,258514994.49
18607,75299558.98
18608,75990959.05
18609,146613030.89
18610,56873600.88
18611,113825219.68
18612,54895600.94
18614,46382109.07
18615,231671789.22
18616,155592128.69
18619,108865661.3
18620,139844542.27
18621,33839701.29
18622,245003109.01
18623,151547621.46
18624,130575059.04
18625,64930619.25
18627,59069706.08
18628,86208086.73
18629,76231172.9
18630,56017428.8
18631,76317563.49
18632,137591580.02
18633,76652154.32
18634,290564323.26
18635,72283769.29
18636,296383415.67
18637,62372868.7
18638,77913743.12
18639,106904090.02
18640,70119924.57
18641,131238575.45
18642,235347589.5
18643,229060527.4
18644,123370955.56
18645,113009149.3
18646,98737185.09
18647,76120502.45
18648,221875626.12
18650,49246747.11
18651,85100130.4
18652,162226596.69
18653,54330532.14
18654,71316659.82
18655,61040949.72
18657,184286247.51
18658,64816048.23
18659,72161107.77
18660,75278157.78
18661,38703595.58
18663,55927349.09
18664,100513215.15
18665,103406990.97
18666,93818494.99
18667,80738105.55
18668,81510824.86
18669,111567090.59
18670,148673177.95
18671,46984046.98
18673,70229995.95
18674,39600981.19
18675,68766686.43
18677,97167238.09
18678,135272349.09
18679,65930655.98
18680,99961761.5
18681,76942438.62
18683,34862401.58
18684,201696998.19
18685,86596554.97
18686,362281943.18
18687,104296359.11
18688,299160744.73
18689,51030176.6
18690,77196309.87
18692,65574664.04
18693,159348185.57
18694,69792888.57
18697,63938830.12
18699,83536302.47
18701,65483360.68
18702,182102310.9
18703,67047759.7
18704,63490098.29
18705,263834377.45
18707,211664256.85
18708,63420315.15
18709,66399978.99
18711,243277817.47
18712,57278691.15
18713,244910852.0
18714,140108043.26
18715,80448980.24
18716,149786651.49
18717,61015703.38
18718,85525086.59
18719,101805423.83
18720,108916612.96
18722,77558868.07
18723,210227031.71
18724,237072520.42
18725,48284558.66
18726,67533003.49
18727,101338227.27
18728,40551616.17
18729,108005305.06
18730,99425251.53
18731,98123558.42
18732,80701371.06
18734,100781774.57
18735,114484253.75
18736,85246868.87
18737,85673204.2
18738,59765390.23
18739,47113249.84
18740,55241459.14
18741,76777719.04
18743,67227143.61
18744,139092071.53
18746,100751886.75
18747,53882101.2
18749,89762399.63
18750,278302523.47
18751,89798246.33
18752,55385612.21
18753,249701387.32
18754,55311086.1
18755,184480653.7
18756,52985612.69
18757,61244494.47
18758,158935408.73
18759,74215035.05
18761,106385701.5
18764,297546260.45
18765,86171150.89
18766,235592182.2
18767,167604912.74
18768,69575274.12
18769,115566618.86
18770,82274812.12
18772,58600471.46
18774,69280681.61
18775,87240555.82
18776,46831018.85
18777,68362437.53
18778,83395190.93
18779,81027577.72
18780,50821199.34
18781,64582611.15
18783,106801918.69
18784,98723432.37
18785,86416788.71
18786,136760796.98
18787,101100763.34
18788,103271369.1
18790,50556283.45
18791,149852651.96
18792,93150086.5
18793,109643362.05
18795,60537302.67
18796,102159794.0
18797,118296812.54
18799,108519513.06
18800,76105025.17
18801,91159554.65
18802,57177920.68
18803,178215234.04
18804,54853458.2
18805,74939358.36
18806,220031117.5
18807,201225416.64
18810,57279521.63
18811,82996371.67
18812,242708937.56
18813,83301591.71
18814,67581810.66
18815,82506542.58
18816,207121651.34
18818,71590187.07
18819,68343112.59
18820,55076373.32
18821,65370703.64
18822,99386068.16
18823,69637532.86
18825,70033673.4
18826,31673254.09
18827,357867421.11
18828,163730706.88
18829,57633461.07
18830,44291833.39
18831,67065094.04
18832,148033152.02
18833,52984474.15
18834,96371672.39
18836,104459694.63
18837,83100537.12
18838,82838797.79
18839,127032813.73
18840,114293214.25
18841,236687339.64
18842,125217599.08
18843,121476026.1
18844,91696969.41
18845,107238913.75
18846,89428348.52
18849,153371925.57
18850,63979165.68
18851,80671883.74
18855,123617112.3
18856,98553918.24
18857,109809134.18
18858,82793682.91
18860,73972242.04
18861,92409584.12
18862,119187083.56
18863,89026634.09
18864,119845680.89
18865,61560461.29
18866,83867197.1
18867,57607015.09
18868,42157757.5
18869,144046739.33
18871,91992183.31
18873,28984077.75
18874,64879177.85
18875,86045889.26
18876,80048179.42
18877,202354676.39
18878,66922306.09
18882,58383781.87
18884,128521480.97
18885,103537062.15
18888,54602519.03
18889,54115166.82
18891,132548819.6
18892,94776052.78
18893,214647132.2
18894,70594555.88
18895,170766987.78
18896,67521186.16
18898,195316935.01
18899,56439167.33
18900,102944302.74
18901,177344269.18
18902,74804557.85
18903,89918342.27
18904,45402054.99
18905,96585523.39
18906,66022352.24
18907,84475517.58
18908,55285727.07
18909,107019421.58
18911,119304136.14
18912,40722656.98
18914,62042576.56
18915,114374872.8
18916,95977699.42
18917,103100198.8
18918,115060129.43
18919,117522760.86
18920,177548138.65
18921,99393346.07
18922,97199367.46
18923,101328038.54
18924,96220880.29
18925,212362309.73
18926,54902984.95
18927,96311788.4
18928,78009415.42
18929,84575231.04
18930,218317602.55
18931,66417058.6
18932,111797356.39
18933,156546108.86
18934,58031968.96
18935,158282207.16
18936,142368143.86
18937,181184203.98
18938,216822549.48
18939,74449564.83
18942,95304679.19
18944,141408371.47
18945,101749230.79
18946,71329061.58
18948,53915426.41
18949,55826387.27
18952,63370588.36
18954,83822726.69
18955,117039342.41
18956,60774205.96
18957,88367258.4
18959,79087002.65
18961,88888618.28
18962,106824081.27
18963,83924120.33
18964,83420434.76
18965,183869006.01
18966,195518345.65
18967,136124330.87
18968,70787591.52
18969,61483625.43
18970,101589633.23
18971,83644006.91
18972,59543313.72
18973,68081857.44
18974,67650539.44
18975,55444153.42
18978,50479663.25
18979,44992879.98
18980,120850705.91
18981,109305364.36
18982,103208326.79
18983,65254598.3
18984,159079442.75
18987,44954882.96
18988,61561403.2
18989,63985922.08
18990,81653151.7
18991,50350387.8
18992,184719423.89
18994,94984445.43
18995,83362563.4
18996,120379784.71
18997,165641915.65
18998,273843702.36
18999,95254454.4
19000,51181008.67
19001,85083498.99
19002,84596986.19
19003,145016073.94
19004,130388834.48
19005,65782843.28
19006,122327274.64
19007,63154310.74
19009,79214280.4
19012,65797396.38
19013,63577245.17
19014,51245494.68
19015,49161900.47
19016,92798894.58
19017,74566687.01
19018,105139959.02
19019,96551555.85
19021,62798998.95
19022,194028714.21
19023,52986653.14
19024,109600384.44
19027,113821152.43
19029,103973055.36
19030,71131256.52
19032,135305559.59
19033,250546044.41
19034,302552386.35
19035,186367249.56
19037,56362384.79
19039,69121283.43
19041,101285223.85
19042,79148423.66
19043,136395516.53
19044,128525702.39
19045,69435040.61
19046,45603644.17
19047,84962081.79
19049,45877262.85
19051,125597426.79
19053,89891736.04
19054,112074653.38
19055,48535262.11
19056,97469492.45
19057,174902979.48
19058,71395514.47
19059,69802190.77
19060,136183489.59
19061,51458645.47
19062,220929950.87
19063,252162574.97
19064,57901556.94
19065,68863498.54
19066,113095659.0
19068,71291050.51
19069,110192908.23
19070,249656919.11
19071,85296583.31
19072,94568808.53
19073,86295656.65
19074,54428860.18
19075,120406824.11
19076,52931835.26
19078,48056287.98
19079,74736678.22
19081,52606979.76
19082,80447381.8
19083,38056561.45
19084,67189969.0
19085,132982095.6
19086,80992333.56
19087,124876088.92
19088,83253299.18
19090,187443440.84
19091,113864817.01
19092,75487419.97
19093,48102921.9
19094,74641319.82
19095,79382492.35
19096,78196372.7
19097,169868812.61
19098,119191218.63
19099,81233503.95
19100,110865246.07
19101,48171763.32
19103,139883923.02
19104,118765612.07
19105,86120499.24
19107,59740079.32
19108,103117461.51
19109,85517918.76
19110,74937262.45
19112,144903453.14
19113,168015671.81
19114,66763394.4
19115,69269303.89
19117,35529163.86
19118,57926779.24
19119,105254224.46
19120,102464927.5
19121,85248718.2
19123,45814879.05
19124,140721308.99
19125,52064075.35
19126,156473090.42
19127,74245719.81
19128,80250342.06
19129,68663649.93
19130,251993857.71
19131,61844692.0
19132,65053486.62
19133,62681262.98
19134,122945740.51
19135,59997157.72
19136,105415739.13
19137,83164516.21
19139,82458880.85
19140,101030493.88
19141,77975685.03
19143,55025165.71
19144,72812017.93
19145,51196705.02
19146,130426006.4
19147,124375201.04
19148,82958253.49
19149,184883343.49
19150,102807507.31
19151,112424517.36
19152,165589995.19
19153,182693030.95
19154,59962097.54
19155,96212312.42
19156,86133614.17
19157,70407166.53
19158,226066124.24
19159,91429635.49
19160,106915053.64
19161,79350318.96
19162,67290732.58
19163,166143771.08
19164,111498483.36
19165,105305127.58
19166,101522939.25
19167,103559716.34
19168,68526240.24
19169,56798578.98
19170,146341102.18
19171,125559242.88
19172,64878322.19
19173,76750571.51
19174,132286013.62
19175,97327427.34
19176,99149279.63
19178,58645513.8
19179,42983759.9
19180,99918609.61
19181,69732720.68
19182,121881748.99
19183,215006240.33
19185,215927765.96
19187,91574078.68
19188,87859226.21
19190,96148181.01
19191,181541861.7
19192,56847910.39
19193,87689818.53
19194,52552653.66
19195,50708847.6
19196,108336033.15
19197,68664950.7
19198,78740605.01
19199,108933521.61
19200,143380770.51
19201,103513671.22
19202,137903939.24
19203,57103025.68
19204,149120342.88
19205,62424551.41
19206,83251539.65
19207,93919582.01
19208,104688746.82
19209,68661026.44
19210,72539970.52
19211,206978544.13
19212,89718649.35
19215,86912268.27
19216,103855117.83
19217,68200339.94
19218,147886135.84
19219,84840525.52
19220,47675039.22
19221,67087742.2
19222,79708036.98
19223,129045305.9
19224,30138920.45
19225,163840070.84
19227,261594244.33
19228,114993851.88
19229,109856733.88
19230,49019884.74
19232,144782906.58
19233,58994105.98
19234,135507050.23
19236,73028268.0
19237,158060229.32
19239,62512609.37
19240,43910605.45
19241,76910105.64
19243,104168596.94
19244,107660613.74
19245,102760081.51
19246,75569075.86
19247,194581066.66
19248,128513333.11
19249,83868544.83
19250,89652935.31
19252,101770716.07
19253,71538024.75
19254,106389490.94
19255,66911285.16
19256,85548714.66
19258,90621850.4
19259,83871161.37
19260,163038616.52
19261,134636982.95
19262,103329418.72
19263,53252803.83
19264,142282561.93
19265,238627072.33
19266,117098602.21
19267,108201169.98
19268,64950760.99
19269,71799306.8
19270,122771113.13
19271,163546103.54
19272,42162202.3
19273,70045451.26
19274,64245019.48
19275,67755257.93
19276,53191037.06
19278,85709663.58
19279,60486514.96
19280,50896498.19
19281,90587347.07
19282,75777771.73
19283,92080251.05
19284,54616116.5
19285,48999261.95
19286,179351142.79
19288,46379635.91
19290,59654045.57
19291,76726414.79
19292,57060433.19
19293,53305728.84
19294,66512376.32
19296,106543822.1
19297,107514192.68
19298,81816393.62
19299,81991246.55
19300,73028767.24
19302,80256258.09
19303,59014491.81
19304,86239730.72
19305,32196829.01
19306,61767883.48
19307,111341464.97
19308,72818070.5
19309,81640983.48
19311,61989738.23
19312,119038799.07
19313,50241617.71
19315,61941973.87
19316,105736966.26
19318,61380725.84
19319,61168073.18
19320,210019196.01
19321,66675677.23
19322,78572125.82
19323,75931359.18
19324,76329248.99
19325,77085193.18
19327,104269213.56
19328,161172828.51
19329,105670869.41
19330,79608203.38
19331,89180395.58
19332,162268978.08
19333,68551242.51
19334,106569387.57
19335,142175801.2
19337,105369282.18
19338,163848532.41
19339,67282969.05
19340,161276403.68
19341,115151305.67
19342,89013030.13
19343,85385673.53
19344,64987808.31
19346,172661298.79
19347,327038744.83
19348,70031375.41
19349,133907906.87
19350,167139253.99
19351,66228302.16
19352,185227447.95
19353,69012906.59
19354,65938433.68
19356,103943034.82
19357,57853679.28
19358,100138144.02
19359,49139486.71
19360,114774952.68
19361,61255099.19
19362,114239014.08
19364,64704040.66
19365,94352667.03
19366,55884712.39
19367,88829207.89
19368,220144861.12
19369,84663145.69
19370,71227529.49
19371,64197871.89
19372,53851494.63
19374,86511817.2
19375,107365082.85
19376,175968542.42
19377,103114762.62
19379,110424787.5
19381,43412933.51
19382,73693510.0
19383,81369900.88
19384,60397143.19
19385,195308795.19
19386,93251228.47
19387,115119282.8
19388,126805831.2
19389,180483657.16
19390,117370699.92
19391,119437421.97
19392,136879807.55
19393,218477287.03
19396,164853690.79
19397,170887634.79
19398,109044178.35
19400,109335990.0
19401,67850738.3
19402,270911625.78
19403,91940390.86
19404,43745234.73
19405,212081927.72
19406,72629804.1
19407,65276369.53
19409,101214217.38
19410,65661754.27
19411,85313779.79
19412,100621823.55
19413,37933650.71
19415,113952731.74
19416,170409646.48
19417,97794501.69
19418,94551080.47
19419,88002898.68
19420,85943568.04
19421,56078986.06
19423,108485953.96
19424,103608232.03
19425,56290858.74
19427,116608194.3
19429,171657321.11
19431,111404530.02
19432,104860952.02
19433,43138849.77
19434,68294947.55
19435,132914432.45
19436,288238577.92
19437,48916797.54
19438,85090671.19
19439,122148963.61
19440,54725122.57
19441,113876503.04
19442,56537130.91
19443,95237409.75
19444,70846461.16
19445,73233449.35
19446,43622593.84
19447,166620516.38
19448,70023199.69
19449,285579538.14
19451,191222944.63
19453,78076610.46
19454,80166572.79
19455,101247491.67
19456,267302625.29
19457,128572289.47
19458,57759718.87
19459,74603563.01
19460,75641995.93
19462,99665576.28
19463,53098397.06
19464,249682188.3
19465,110455544.81
19466,93743253.4
19467,129162768.21
19468,59262524.62
19469,146613118.67
19470,74078106.65
19471,61373325.07
19472,126887763.01
19473,109623725.37
19475,96958116.19
19476,108477202.9
19478,54424255.67
19479,263066735.7
19480,47204024.9
19481,118357442.67
19482,53774850.92
19483,130161153.92
19484,117770747.88
19485,37147205.67
19486,116930679.34
19487,182662932.44
19488,211160045.16
19490,54236048.65
19491,97270006.35
19493,160579511.02
19494,108187798.69
19495,123982211.55
19496,61855656.2
19497,55339795.91
19498,49656354.95
19499,94953730.67
19500,74539277.2
19501,117016113.49
19502,75647383.85
19503,70394512.08
19504,44948522.7
19505,79078663.99
19506,81298130.95
19507,100582971.19
19508,81544801.56
19509,210968735.16
19510,85338781.2
19511,82794119.88
19512,86879076.76
19514,358784053.8
19515,182539890.44
19516,72971101.54
19518,47655537.71
19519,81213274.54
19520,64152825.39
19521,50329988.97
19522,101627085.02
19523,103519082.25
19524,35427437.98
19525,80241176.48
19526,51098144.91
19527,68455635.91
19528,89398376.33
19529,89788221.32
19530,82714987.06
19531,118199325.54
19532,172623140.8
19533,49691640.31
19534,359916858.55
19535,177382923.23
19536,78626015.61
19537,230921918.13
19538,60699775.56
19539,41989136.22
19543,74246351.27
19544,88153698.06
19545,149028708.86
19546,145511701.51
19547,233644470.09
19548,55488359.2
19549,64212845.38
19550,78932081.82
19551,38214665.6
19552,49550898.54
19553,161983910.5
19554,90768886.05
19555,98292825.43
19556,130752296.26
19557,227900642.92
19558,58528642.28
19559,60186950.14
19560,285518084.56
19561,127709829.77
19562,102906732.34
19563,40927567.43
19565,36855875.23
19566,37463813.37
19570,92964563.25
19571,197658604.37
19572,144795947.62
19573,53254414.58
19574,67274431.56
19575,60617558.5
19576,98902452.88
19577,36325674.44
19578,92368185.26
19579,41315946.3
19580,160106893.02
19582,68051811.49
19583,57474846.95
19584,79729158.94
19585,131816314.93
19586,73264893.11
19587,89184754.23
19588,93026175.59
19589,107722275.95
19590,100222440.1
19591,104871773.7
19593,40125729.41
19595,221777330.49
19596,47888041.16
19597,125979730.61
19598,228094489.03
19600,204571786.41
19602,56819172.98
19603,108438894.76
19604,55013986.88
19605,92322760.51
19606,292441055.9
19607,101110037.38
19608,105641313.31
19609,158471310.15
19610,169567240.08
19611,72691544.88
19612,47382368.9
19613,156414688.72
19614,46329126.32
19615,61829102.8
19616,89041916.95
19617,60842507.17
19618,70915368.2
19619,168397044.21
19620,236952472.08
19621,141402796.17
19622,112682214.78
19624,78330111.62
19625,207792023.87
19626,44133799.17
19627,61681744.97
19628,41263554.32
19629,66240169.73
19630,123897736.2
19631,102361463.25
19632,120982856.79
19633,71731108.24
19634,43680770.76
19636,53068372.62
19637,92231770.08
19639,72213587.83
19640,35453935.82
19641,82940372.14
19642,96625020.59
19643,41839727.2
19644,78478138.73
19647,150407391.03
19649,117969619.15
19650,154810842.84
19653,61072051.46
19655,78028683.32
19656,89732542.5
19657,72524159.26
19658,119859141.72
19659,92061746.76
19660,47751985.61
19663,109546151.73
19664,104232807.27
19665,66956776.01
19666,74078872.72
19667,81487854.09
19668,179529274.84
19669,97039084.71
19670,138503504.46
19671,68220005.77
19672,75192810.32
19674,77951828.45
19676,95686051.3
19677,163700262.75
19678,60393810.96
19679,56436389.78
19680,115701278.66
19681,156217291.39
19682,84744788.49
19685,115577597.9
19686,71894089.87
19687,79849688.49
19689,63003738.36
19691,49903851.35
19692,62179227.63
19693,420424134.0
19694,86363400.73
19695,199271917.66
19696,102031441.93
19698,80974807.6
19699,193925885.39
19700,115911718.73
19701,87327944.86
19702,86875767.56
19703,109772771.26
19704,167238943.17
19705,131952165.57
19706,89436738.67
19707,75357855.64
19708,146834847.68
19709,51907960.57
19710,205328539.93
19711,90883877.74
19712,110133781.96
19713,81234041.74
19714,146295943.21
19715,101766886.28
19716,80124477.11
19717,126759006.02
19718,111223847.32
19719,343927981.49
19720,85130079.25
19721,54116712.03
19722,226909949.17
19723,34037615.81
19724,69459409.05
19726,66431835.88
19727,115231905.27
19728,62411773.42
19729,288600735.64
19730,125982461.62
19731,103579033.68
19732,247131770.52
19733,52914122.16
19734,91406850.43
19736,84150780.63
19737,144937826.81
19738,48513973.77
19739,113389750.33
19740,137719745.11
19741,61034556.03
19742,60309601.04
19743,75934841.47
19744,30048604.79
19745,81218092.09
19746,114108719.96
19750,45560176.07
19751,112127137.0
19752,60705912.27
19753,209537839.69
19754,108626517.1
19755,115963174.99
19756,65142147.19
19758,96018411.06
19759,101412685.43
19760,64169345.49
19762,188317151.28
19763,49815416.41
19764,113336019.02
19765,60114942.1
19767,107113873.64
19768,129875241.86
19769,62458398.63
19770,52932819.85
19771,209487616.45
19773,65207212.4
19774,167134536.08
19776,138822339.45
19777,110857940.44
19778,45555762.13
19779,98680614.78
19780,105608687.7
19781,96205367.65
19783,154635245.79
19784,68733811.72
19785,87292443.05
19786,242263457.34
19788,49702470.44
19789,89178682.46
19790,85012097.64
19791,77093779.15
19793,53997307.47
19794,58522868.12
19795,168942327.8
19797,79186740.63
19799,76733181.58
19801,112439835.74
19802,90979496.98
19803,82609450.38
19804,122516086.11
19805,132752405.98
19807,106088696.36
19808,42690320.58
19809,184406288.73
19810,51321637.74
19811,122554346.77
19812,66724085.01
19813,172414345.14
19814,143213417.57
19816,81910705.03
19817,141841274.19
19818,107783994.11
19819,72248925.48
19820,48484525.92
19821,88546338.39
19822,139158273.44
19823,109181569.75
19824,86050146.21
19825,53704858.1
19827,59262308.65
19828,103112178.51
19830,90444886.37
19831,104202577.13
19833,109675002.49
19834,93354862.95
19835,72063916.63
19836,114278320.53
19837,101954817.31
19838,209215685.34
19839,97118051.5
19840,75658789.82
19841,439031152.74
19842,61587463.47
19843,65266812.55
19844,108248676.87
19845,58347169.32
19846,179096130.95
19847,196033747.74
19848,115470048.49
19849,84870176.05
19851,112209100.92
19852,87839129.41
19853,52040434.57
19854,103384069.05
19855,113996190.49
19856,72425468.1
19857,68832905.5
19858,202440214.04
19859,111915008.38
19862,102857955.61
19863,85914720.26
19864,111801340.2
19865,200325523.47
19866,156833375.33
19867,88236542.68
19868,80107877.97
19869,63873129.5
19870,84040803.15
19871,51477488.98
19872,137303940.79
19873,175121040.09
19874,117775713.45
19875,82188542.51
19876,100082583.12
19877,156584791.82
19878,90418868.19
19879,68667497.25
19880,65766573.16
19881,63440850.48
19882,62805284.47
19883,51586350.31
19884,270916775.6
19885,109427603.66
19886,70392101.24
19887,44622395.89
19888,51511812.69
19889,82503053.57
19890,108458350.57
19891,156894517.25
19892,36549714.53
19894,66384468.05
19896,108278291.57
19898,73652121.96
19899,217235137.92
19900,49661613.05
19901,52101735.24
19902,178379265.6
19903,106368717.98
19904,115603018.59
19905,131235686.06
19906,163038820.75
19908,69389308.67
19909,27702372.08
19910,34951753.31
19911,133360659.96
19912,57944541.99
19913,87258407.79
19914,145042190.56
19915,70425800.9
19916,106881585.36
19917,107360615.11
19918,85580728.08
19919,69737823.51
19920,60065185.25
19922,89458936.34
19923,235034386.8
19924,138535706.8
19925,48812078.06
19926,37008973.2
19927,162053540.22
19928,160516058.89
19929,60626863.65
19930,160093634.47
19931,55908302.17
19932,105968943.51
19933,87359791.99
19935,42029401.73
19936,91031151.47
19937,74403670.16
19938,92875467.77
19939,50460737.13
19940,89440616.72
19943,106709970.26
19945,145337949.69
19946,67826603.18
19947,93204028.93
19948,79784506.2
19950,47456552.39
19951,82938152.92
19952,78339669.28
19954,53714743.21
19955,69216574.97
19956,70968083.65
19957,74659839.84
19958,91084060.26
19959,79336568.21
19960,103050924.57
19961,50102375.11
19962,87396290.22
19963,108747937.23
19964,84932515.54
19965,59311102.28
19966,105881493.16
19969,107922371.31
19971,37161640.8
19972,95492999.67
19973,66757258.51
19974,56435796.39
19975,78520129.7
19977,203329938.52
19978,235968589.21
19979,104458464.1
19980,74277436.81
19981,152852130.82
19982,115221311.38
19983,169773131.27
19984,48744643.55
19985,82242389.06
19986,145570660.64
19987,279665330.13
19988,79766823.67
19989,73359585.71
19990,47941782.68
19991,134091744.83
19992,67575140.65
19994,52113848.54
19995,228537200.61
19996,94682534.4
19997,98826403.68
19998,135519643.67
19999,44799194.74
20000,61487057.17
20001,161579191.03
20003,50012466.96
20004,70582837.71
20005,74909052.11
20006,102220015.13
20007,123832257.56
20008,90027994.71
20009,119775098.4
20010,74779274.8
20011,111784288.45
20012,86293099.29
20013,81710902.5
20014,55572872.16
20015,53560369.53
20016,95503437.51
20017,61233036.76
20018,62941319.07
20019,125025974.03
20020,47466302.07
20021,53866064.03
20022,59789439.58
20023,170405266.77
20024,167316866.47
20025,127797913.36
20026,75177666.9
20027,69994387.87
20029,257230453.96
20031,164111193.66
20032,45630081.15
20033,112345509.04
20034,103438040.21
20035,193514705.51
20036,67231438.21
20037,82658138.11
20038,298547599.07
20039,52995627.93
20040,125339192.71
20041,34830643.07
20042,104671447.81
20043,130307442.63
20044,55108048.81
20045,111476175.07
20046,123945452.77
20047,44939834.7
20048,66111954.79
20049,99810261.51
20050,71794552.33
20051,65379077.43
20052,97038585.07
20053,54556752.64
20054,120690017.63
20055,70594274.13
20056,82968545.9
20057,71966564.08
20058,112045138.16
20059,57613472.71
20060,95493951.46
20062,64794762.08
20063,74173569.29
20064,47703685.72
20065,96625435.85
20066,64820764.66
20067,151566285.84
20068,51528044.2
20069,82466023.87
20070,99931422.8
20071,59351116.25
20072,184734758.55
20073,69577814.75
20074,55580609.37
20076,93298547.91
20077,86440220.5
20078,277223434.95
20079,212432316.91
20080,128991738.1
20081,52747767.59
20082,106238054.03
20083,76504623.31
20085,51867611.43
20087,106547034.83
20088,112501472.05
20089,55955522.62
20090,43531207.62
20091,43200298.45
20092,69166908.01
20093,64299748.27
20094,102867072.43
20095,97536928.73
20096,119359793.07
20097,73968352.11
20098,52966881.23
20100,66605454.08
20101,81216262.33
20102,52090755.95
20103,110861732.84
20104,164938629.25
20105,37931694.29
20106,117434672.38
20107,41538809.74
20108,173136005.54
20109,82446281.81
20110,98619699.51
20111,46121384.46
20112,72421727.84
20113,51755170.88
20114,127779666.83
20115,83593190.45
20117,90288684.63
20118,220577624.95
20120,96604687.38
20121,82185767.59
20123,100592580.15
20124,48158417.51
20125,154527392.56
20128,142967355.52
20129,79014680.99
20130,135805944.61
20131,39236936.72
20132,97601266.03
20133,53021852.62
20134,127372176.28
20135,75206113.12
20136,103295139.99
20137,86015389.98
20138,96809607.36
20139,66051403.11
20140,55000215.49
20141,330683385.12
20142,132818605.67
20143,139303782.65
20144,55720184.34
20145,117641687.45
20146,97394590.6
20147,63989724.79
20148,48270815.71
20149,119230796.94
20151,69570178.03
20153,92906265.35
20154,84452725.67
20155,51674572.53
20156,60680995.35
20157,113236805.45
20158,80052797.26
20159,123119209.32
20160,130548032.38
20162,49190322.04
20163,78274311.16
20164,147263767.7
20165,82341250.74
20166,59993390.68
20167,74343875.75
20168,32709439.1
20169,42491670.14
20170,123417160.22
20171,66799334.18
20172,184226310.47
20173,82601133.96
20174,235958508.52
20175,182695737.48
20176,137021981.53
20177,121562704.58
20178,75819260.95
20179,84253770.88
20181,86253845.46
20182,183560596.38
20183,90043747.05
20184,122384608.76
20185,128032342.76
20186,73365188.37
20187,135397724.46
20188,56708525.99
20189,119298422.56
20190,64590484.05
20191,137913948.89
20192,49937411.52
20193,56492703.34
20194,59606416.35
20195,127582478.59
20196,106003942.53
20197,116386038.64
20198,88948419.39
20199,157123101.7
20200,54078976.44
20203,73376843.19
20204,93514969.45
20205,175979796.49
20206,143122472.73
20207,82561045.33
20209,218640255.24
20210,100831528.96
20213,57395169.42
20215,290814487.88
20216,89237386.62
20217,81202631.51
20218,53871876.72
20219,166997081.59
20220,347135378.36
20221,108489253.81
20222,116754251.78
20224,80387062.47
20225,34734399.42
20226,159762019.26
20228,103511869.55
20229,213903229.43
20230,59441127.98
20231,78345335.93
20233,99829549.15
20234,144949501.63
20235,56718995.37
20237,84297317.51
20238,91128471.68
20239,67952668.37
20240,55139393.15
20241,421664745.63
20242,195303582.18
20243,103806246.27
20244,194927238.04
20245,53507953.14
20246,109562623.51
20247,107336309.39
20248,126055244.29
20249,148162486.81
20250,132608482.63
20251,62723295.66
20252,85416579.12
20253,58084051.13
20254,86702112.3
20255,86139384.31
20257,89418410.87
20258,65115585.78
20259,133456290.81
20260,250339262.07
20261,68829883.05
20262,53329217.69
20263,86167722.25
20264,46330847.43
20265,123528657.51
20266,105018383.17
20267,240610344.6
20269,202919010.58
20270,78514789.61
20271,35004583.56
20272,57232737.49
20274,197410633.28
20275,98046838.47
20276,100118065.4
20277,70989948.89
20279,63011341.11
20280,63444870.95
20281,81584084.56
20282,113636329.81
20283,124002468.37
20284,149007079.83
20285,37748786.39
20286,123357336.81
20287,211776857.61
20289,45937057.97
20290,98534231.09
20291,49147370.34
20292,88486252.22
20294,81801330.65
20295,123645111.45
20296,50109571.13
20297,69073967.45
20298,81167131.94
20299,64633478.18
20300,44112095.01
20301,71771636.12
20303,114391066.35
20305,87888530.46
20306,98008382.26
20307,142214844.93
20308,85912602.44
20309,47678179.54
20310,72150187.79
20311,156420969.23
20312,101954460.75
20313,143990932.99
20314,66289010.31
20315,71829615.46
20316,110837750.95
20317,59708553.87
20318,114206852.02
20319,112692930.95
20320,156875254.01
20321,51039653.99
20324,77860830.25
20326,166368347.76
20329,113431632.79
20330,184720083.21
20331,186637034.9
20333,114113556.25
20334,98013039.08
20335,83450638.55
20336,48081040.0
20337,37308150.73
20338,186490677.75
20339,107768890.36
20341,115640965.9
20342,156479182.19
20344,222311394.43
20345,141128163.15
20346,110149535.25
20347,42085594.69
20348,88770189.7
20349,120616720.41
20351,53257577.18
20352,103591863.77
20353,68184679.71
20354,92830699.79
20355,41190493.52
20356,105154540.24
20357,110647014.18
20358,102232666.56
20361,30623162.44
20362,99881535.39
20364,117996281.49
20365,79374832.42
20366,139579587.7
20367,71132422.73
20368,69999430.05
20369,74628556.44
20370,316234058.85
20371,59903960.98
20373,58723144.75
20374,62745435.81
20376,219205169.09
20377,88056277.22
20378,157570378.28
20379,70077443.88
20380,77734105.0
20381,123443800.89
20382,149254596.77
20383,199750242.8
20384,100839103.35
20385,43186022.57
20386,66737864.87
20387,56639126.62
20388,82239490.7
20389,152898286.17
20391,48234855.67
20392,207239961.04
20393,153523900.26
20394,113135318.28
20395,69122321.31
20396,89095223.38
20397,83365779.92
20398,91015781.56
20399,112919737.55
20400,145369824.26
20401,137318955.03
20402,52444180.66
20403,53684042.87
20405,131559105.56
20406,45898124.31
20407,85763361.08
20408,75282881.97
20409,103356745.73
20410,50375334.44
20411,62664546.0
20412,140325468.47
20413,90704684.15
20414,86836043.13
20415,126344965.94
20417,41482478.98
20418,76857393.28
20419,59865529.26
20420,34020479.36
20421,34512254.28
20424,113786042.32
20425,137000110.9
20426,142626098.68
20427,140678770.79
20428,41916057.81
20429,76169217.34
20431,282487917.08
20432,93962218.88
20433,86982948.18
20434,146336277.51
20435,256111797.63
20437,50937256.71
20440,77296819.13
20441,244560560.66
20442,253649717.53
20443,85385392.52
20444,61739160.16
20448,84603470.8
20449,97312240.04
20450,78487596.75
20451,58580612.01
20452,50093406.95
20454,188276526.75
20455,45741944.94
20456,96923083.76
20458,145838844.21
20459,60476196.8
20460,91634440.49
20461,49153264.44
20463,59232223.24
20464,70635357.46
20465,64531135.13
20466,85853342.46
20467,85820030.66
20468,59214429.16
20470,73342467.47
20471,84359116.24
20473,120995178.54
20475,72045903.92
20476,83353353.42
20477,93167066.62
20478,106081178.23
20479,102386454.59
20480,69773788.78
20481,71777355.68
20482,55867755.14
20483,212904589.19
20484,85769919.94
20485,108233234.25
20486,83719812.5
20487,105334766.11
20488,55792630.42
20489,112932303.06
20490,104833725.98
20491,84911333.59
20492,80011205.32
20493,195798373.95
20494,134213738.48
20496,193683724.36
20497,355879977.04
20498,80475387.28
20499,126634308.19
20501,52327299.77
20502,141627355.48
20503,255603447.46
20504,133931050.14
20506,90504655.08
20507,100889842.33
20508,94843483.85
20509,73218443.03
20510,210309300.78
20511,134688694.57
20512,85546424.39
20514,73485992.62
20515,114337203.85
20516,46318178.09
20517,70468485.14
20518,136847947.92
20519,129443559.1
20520,137013012.72
20521,94115378.7
20522,63654722.59
20525,109609048.53
20527,76209320.0
20528,82520008.01
20530,154187798.35
20531,61975378.76
20535,189188765.78
20536,91032467.22
20537,109370771.37
20538,87383101.08
20539,103586297.66
20540,70306319.18
20541,39751555.91
20543,215460331.73
20544,137920374.2
20545,81122334.43
20546,75088410.22
20549,70506130.32
20550,55220686.04
20551,70509672.9
20552,61352571.59
20554,57755258.36
20555,103697536.46
20556,106819044.38
20557,62967557.76
20558,68916763.47
20559,115525430.89
20560,143483060.99
20561,107731849.35
20562,65808000.93
20563,47249457.51
20564,181403287.08
20566,164004641.68
20568,69825447.97
20569,80637131.81
20570,200441686.69
20571,76979005.53
20572,76902854.7
20573,53203056.99
20574,73760952.2
20575,88705194.53
20576,155396145.78
20577,57605349.23
20578,146217123.07
20579,96016534.17
20580,164105316.18
20581,55269392.84
20582,200606477.99
20583,134719767.8
20584,63793422.9
20585,71719427.91
20586,85862866.99
20587,45697348.87
20588,130727033.07
20589,103747150.25
20590,79414812.95
20591,240644729.63
20593,88624418.69
20594,166913361.0
20595,99550175.19
20596,31697657.21
20597,48299371.94
20598,55031714.57
20600,257241888.95
20602,215893419.48
20603,62156166.57
20604,70199310.41
20605,92249841.94
20606,55035064.83
20607,36475633.06
20608,84792428.55
20609,193494203.78
20610,76381059.49
20611,70394529.98
20614,95065570.11
20615,95659927.86
20616,65103844.95
20617,86587098.94
20618,104089613.54
20619,76679020.4
20620,237648073.56
20621,181799155.94
20622,221794346.86
20623,45513053.3
20624,133867254.47
20625,81047189.71
20626,333472859.46
20628,148952349.83
20629,140323495.36
20630,64610952.62
20631,331632254.11
20632,29399991.77
20633,70568269.99
20634,106973954.22
20635,122616006.27
20636,79975036.52
20637,76872622.97
20639,66130699.97
20640,106812968.32
20642,77722295.69
20643,77175111.82
20644,132265811.13
20645,97095930.79
20647,48442749.42
20648,161035385.49
20651,86164956.35
20652,139438910.43
20653,75813997.69
20654,44029562.28
20655,82389103.07
20656,197770092.31
20657,83772877.3
20658,36886007.76
20659,53962888.33
20660,78442257.77
20662,118241658.56
20663,44878411.33
20665,74072380.85
20666,100868686.57
20667,173205049.89
20668,88419885.32
20669,75747058.93
20670,78511845.59
20671,69157940.98
20673,161277489.65
20674,71339672.43
20675,53902544.03
20677,137066904.24
20678,164175393.17
20679,30414102.05
20680,71946892.92
20681,70503725.58
20683,78385789.75
20685,56790749.21
20688,79611908.36
20689,127930712.46
20690,220691014.83
20691,44750561.88
20692,165264487.67
20693,111299684.64
20694,47482985.23
20695,134349589.76
20696,79172035.09
20697,40051530.24
20698,86394589.13
20699,118582220.04
20700,94992998.23
20701,92008210.22
20702,60179495.29
20703,69485477.87
20704,52487654.54
20705,135967267.97
20706,107365904.13
20707,172714976.45
20708,62275189.53
20709,74223484.04
20710,103140610.2
20711,72575826.07
20713,62567247.46
20714,154365908.08
20715,70384648.42
20716,129949307.16
20717,92170305.3
20718,105969201.19
20719,49871805.46
20720,87947448.34
20721,62422086.54
20722,60825047.46
20723,70490867.81
20724,110561710.69
20725,79777431.98
20726,136402831.49
20728,100716236.97
20729,115048653.35
20730,144021860.9
20731,115982106.31
20732,50285029.89
20733,94539052.36
20734,105848752.58
20735,67024594.55
20736,88188658.72
20738,72004933.03
20739,367130693.51
20741,109366494.11
20742,102677936.27
20743,74124505.51
20744,111483259.82
20745,144580467.83
20746,64652990.33
20747,81272894.3
20749,169801150.05
20751,94732895.41
20752,101030960.32
20753,171740629.49
20754,89608564.31
20755,273165338.94
20757,61033078.47
20759,84165288.28
20761,183847022.79
20762,146915152.12
20763,90638451.61
20764,57945154.26
20765,107760447.21
20766,73654131.85
20768,111843402.07
20769,49149842.99
20770,106554023.74
20772,56097421.55
20773,49625932.5
20774,79401714.41
20775,91684169.34
20778,112879072.02
20779,126778649.66
20780,58448002.31
20781,51107593.13
20782,219916262.36
20783,123844943.61
20785,77861603.84
20786,130516970.02
20787,137348168.34
20788,85605092.92
20789,52790835.99
20790,46186326.86
20791,78729106.14
20792,155514347.49
20793,101162502.44
20794,104232228.51
20796,40540412.32
20797,218733820.67
20798,47876771.19
20799,69434662.22
20800,38587655.95
20801,66462189.37
20802,113800877.84
20803,112365775.78
20804,102517908.83
20806,126426114.69
20807,72553431.28
20808,122423691.32
20809,206450975.64
20810,114610446.25
20811,43923499.38
20812,42982017.04
20813,47260526.17
20814,111363995.26
20815,124624822.9
20816,66744443.42
20817,128440812.78
20818,30975116.22
20819,72169109.76
20820,112347554.95
20821,145126410.11
20822,48183940.46
20824,161601519.39
20826,88250434.98
20828,88116647.5
20829,47162379.97
20830,64620790.36
20832,94438034.52
20833,53870592.69
20834,40789979.09
20836,113677349.36
20837,48852483.78
20838,133331270.54
20839,81016684.79
20840,71382524.49
20841,336325964.58
20842,159223446.9
20844,81759343.18
20845,57063567.2
20846,260624617.01
20847,146407076.83
20848,69650380.3
20849,133521517.08
20850,83847073.04
20852,69916073.8
20853,373486270.58
20854,42476372.58
20855,139432919.1
20856,137832783.88
20857,164288170.34
20858,79382450.84
20859,137578411.63
20860,153386061.95
20861,244536970.45
20863,62641881.22
20864,89271617.67
20865,69149928.81
20866,91969740.6
20867,107470565.37
20868,109510298.37
20869,136190461.66
20871,105130632.96
20872,102937155.39
20873,75653815.33
20874,159635510.31
20875,58964339.83
20876,135187635.39
20877,183058661.61
20880,88929695.03
20881,114243272.62
20883,103045776.13
20885,77531218.71
20887,58198974.82
20888,99290390.6
20889,85311584.15
20890,96442305.44
20891,152273487.91
20892,119624844.06
20893,100980621.34
20894,95532174.65
20895,125145527.94
20896,162451241.5
20897,77623294.96
20898,187742201.48
20899,131394467.02
20900,159696901.46
20902,54983013.47
20903,90953811.38
20905,100014925.3
20906,140363498.16
20907,89122442.27
20909,120567445.58
20910,55165308.23
20911,53104506.53
20912,215578672.38
20913,78302433.13
20914,53887275.65
20915,72338804.61
20916,55924112.32
20917,160624823.16
20918,91329839.12
20920,51673615.53
20922,82634945.83
20924,89253817.44
20925,59336235.92
20926,165452118.92
20927,44930249.34
20928,97788671.71
20930,83375318.48
20931,64291791.19
20932,83126183.32
20933,71746238.88
20934,62537159.0
20935,134314445.83
20936,79040570.65
20938,62350155.18
20939,65773479.5
20940,202652550.06
20941,81017885.32
20942,76484982.34
20943,177253368.4
20944,147427873.36
20945,78507229.39
20946,100204424.61
20947,47766629.41
20948,195557604.78
20949,71224522.52
20950,106084027.36
20951,82125042.49
20952,72502454.95
20953,78874588.33
20954,42853642.84
20955,178417459.7
20956,332866948.38
20957,59473470.1
20958,88956031.65
20959,65152783.25
20960,85400287.17
20961,79218023.08
20962,105453270.78
20963,111426023.41
20964,97242658.59
20965,127088246.17
20967,129959960.11
20968,69839439.36
20969,68215197.16
20970,237674640.11
20971,106826071.22
20972,68842820.43
20973,54590549.81
20974,67059335.32
20975,142532478.45
20976,68799863.83
20978,119645987.02
20979,53574634.2
20980,75865463.36
20982,103181267.55
20983,75577755.46
20984,68602362.46
20985,98919499.88
20986,52428227.9
20987,125080546.5
20988,76945836.73
20989,131958828.93
20990,61314046.19
20991,320894114.7
20992,141684251.29
20993,69939258.58
20995,141724127.8
20996,85827266.11
20998,87256146.72
20999,110161931.95
21000,230571701.75
21001,102750820.86
21002,88170302.97
21003,73592135.78
21005,366515240.26
21006,110390938.32
21007,97560759.13
21008,63982911.57
21009,104079822.68
21010,103877382.62
21012,76917226.19
21013,92519381.71
21014,78931685.77
21016,63192355.39
21017,70890565.53
21018,65316785.39
21019,246890462.35
21020,72190329.37
21021,119805613.75
21022,55188914.37
21024,78445462.65
21025,259996999.26
21026,77901869.66
21027,101764280.83
21028,131197170.91
21029,62885503.98
21030,108727862.51
21032,156085149.0
21033,78295194.22
21034,80199366.15
21035,113928927.95
21036,50509325.96
21037,143862480.39
21038,48467530.53
21039,59149660.16
21040,57561538.93
21041,88823118.17
21042,62432916.2
21043,66577953.01
21044,111641306.63
21045,88175253.71
21047,136245961.01
21050,84799743.25
21051,77354544.4
21054,86909883.0
21056,57920407.97
21060,203550940.7
21062,149338936.05
21063,68848927.01
21064,102950099.19
21065,27371826.52
21066,102422248.2
21068,69630546.04
21070,132987963.01
21072,121184680.73
21073,53517090.69
21074,175270964.96
21075,61265899.61
21076,102941273.89
21078,150721232.86
21079,60433723.04
21080,56047038.9
21081,79747298.38
21082,76599757.99
21083,55066968.86
21084,76924087.16
21085,66784640.07
21086,99798540.26
21087,82532051.94
21089,67133242.92
21090,68903836.14
21091,53056565.81
21092,64755332.59
21093,95444601.41
21094,144256335.12
21095,66646711.84
21097,94043444.4
21098,134235107.95
21099,71321912.77
21100,52001380.23
21102,65892898.84
21103,54042929.21
21104,100631746.27
21105,64279338.96
21106,94936346.3
21107,71706961.39
21108,67733476.61
21109,62884208.24
21110,64105259.3
21111,129706542.22
21112,104620512.05
21113,64243256.62
21114,65154209.91
21115,63855062.29
21116,108930130.95
21117,146678984.49
21118,89610122.43
21119,100686824.14
21120,67311085.63
21121,112903248.18
21122,202928016.85
21124,78333872.58
21125,170481664.31
21126,161374984.79
21127,56469722.37
21129,193877222.9
21130,94423730.35
21131,129122118.04
21132,62154318.96
21133,122863658.16
21134,129640301.53
21135,66804878.17
21136,64999687.68
21137,120167302.05
21138,152351597.93
21139,90544346.67
21140,72172820.54
21142,147228058.07
21143,84515500.42
21144,219940464.27
21145,115473777.16
21146,72027069.67
21147,89866763.31
21148,75582540.41
21149,123033679.61
21150,74122220.01
21151,197499524.89
21152,62466925.07
21153,47876913.24
21154,78400517.71
21155,49042336.48
21156,73232537.78
21157,90429770.42
21158,96541279.17
21159,210755919.56
21160,67977044.04
21161,46499352.28
21162,46657163.31
21163,107589656.98
21164,114810423.63
21165,100612790.47
21166,108212660.09
21167,160231387.35
21168,118126628.63
21169,61127134.35
21170,138461968.63
21171,180279583.87
21172,57458157.22
21173,80452978.64
21175,73122871.42
21176,40547568.11
21177,105021042.69
21178,48745584.2
21179,116092357.26
21180,65881267.4
21181,236407143.32
21182,64791989.91
21183,61841545.91
21184,50983348.16
21185,151261221.01
21186,155312998.57
21187,113171008.47
21190,67636843.83
21191,70241834.18
21192,69201913.33
21193,52923299.95
21194,158103793.69
21195,43462214.68
21196,91423328.84
21197,147161125.79
21198,120505768.94
21199,111551013.53
21200,89169808.06
21201,99033608.86
21202,64886356.06
21203,44988027.74
21204,60548720.68
21205,96296027.54
21207,54140702.78
21208,117485162.88
21209,254219167.17
21210,168936752.26
21211,73266482.54
21212,113756152.5
21214,141913352.31
21216,130822722.4
21217,148928770.97
21218,97279067.71
21219,52353401.54
21222,111875694.24
21223,45193800.22
21224,120592209.56
21225,121572780.42
21226,173450662.32
21227,68947341.05
21228,61718205.13
21229,68937842.35
21230,133891071.96
21231,145250541.22
21232,124684480.15
21234,89373751.79
21235,96477968.53
21237,88727226.6
21238,66453835.42
21241,92930825.11
21242,77089851.62
21244,62612213.81
21245,137068334.23
21246,65887757.99
21247,71030378.94
21248,194131313.83
21249,187334393.22
21250,60048968.18
21251,54953910.68
21253,90924948.67
21255,89248508.8
21256,74981447.55
21257,51857468.55
21258,88597938.06
21260,105459921.08
21261,172890487.64
21262,123279708.88
21263,118267098.9
21264,133750620.32
21269,98021335.92
21270,71497497.53
21271,80398853.46
21272,47833619.55
21273,89237854.77
21274,96035747.15
21275,77794911.02
21276,61799543.62
21277,179661110.56
21278,68190379.45
21279,106902400.58
21280,81939284.54
21281,78253378.38
21283,183635844.76
21284,44345747.73
21285,88083879.73
21286,59817064.0
21287,58957111.54
21288,256200982.83
21289,140274920.56
21290,43319810.8
21291,81074299.36
21293,48740887.59
21294,51052104.55
21295,85546678.22
21296,193103953.08
21297,101778852.38
21298,55965374.21
21300,37217453.67
21301,106907092.45
21302,66148653.43
21303,108880433.44
21304,161155487.46
21306,58369526.11
21307,165232238.99
21308,65247251.36
21309,55310394.92
21310,100203844.45
21312,136908345.92
21313,103308069.26
21314,93349474.84
21315,79734908.29
21316,163853182.94
21317,62476263.47
21318,193708519.74
21319,129866133.66
21320,52620702.9
21322,63772389.29
21323,127824599.29
21324,240071221.67
21325,75540727.12
21326,55929410.04
21327,62404420.4
21328,96915575.43
21329,145030287.06
21330,58523217.04
21331,65339585.76
21334,100474813.14
21335,74792198.91
21336,55363230.14
21337,119825044.0
21339,62121174.91
21340,79743275.56
21341,90593589.04
21342,78353997.7
21343,99627777.01
21344,189426716.76
21345,83814784.64
21346,212197860.5
21347,76853020.42
21348,62230614.38
21349,65845496.15
21350,51808316.69
21352,65771301.16
21353,57505883.5
21355,129574327.2
21356,52510069.75
21357,127558162.91
21358,74133072.42
21359,87902307.33
21361,131485067.95
21362,56982783.63
21363,182741505.1
21364,71020156.17
21365,109204859.51
21366,73427613.47
21367,52071618.31
21368,67245349.38
21369,54084347.28
21370,187829459.53
21371,86511127.05
21372,89019785.6
21373,72734421.73
21374,99973310.6
21375,69988650.96
21377,93756681.42
21378,341142990.61
21379,126646451.39
21380,114039815.21
21381,137574604.07
21382,126462818.24
21385,57203032.06
21386,111115227.69
21387,113089756.81
21388,81314327.65
21390,136746873.58
21392,108004715.5
21393,68466697.73
21395,52357037.59
21396,65020909.7
21397,41342108.44
21398,342297374.98
21399,76643807.37
21400,58873021.75
21401,164098238.42
21402,99128487.37
21403,42339406.74
21404,99321393.39
21405,77078401.82
21406,73241073.24
21407,69939419.43
21408,118877846.47
21409,86107845.98
21410,94409980.05
21411,133794076.38
21412,132453469.53
21413,194189986.74
21414,89279130.34
21415,84966321.95
21416,64957188.02
21417,75019969.82
21418,116226780.26
21420,91573046.26
21421,233607430.15
21422,59265085.18
21423,196608015.94
21424,148118922.19
21425,198745354.92
21426,149565228.64
21427,193171061.04
21428,60899155.7
21429,61321139.52
21431,86180679.53
21432,144954801.42
21433,101880231.11
21434,97115177.1
21435,93681347.8
21437,256944399.64
21438,97123024.63
21441,58164453.97
21442,98063643.84
21443,48384921.26
21444,57910411.33
21445,93585558.61
21446,44566412.34
21447,35477628.2
21448,143910000.63
21449,185534680.09
21450,106029611.81
21452,70752081.38
21454,115264115.79
21455,77063751.66
21456,66063950.74
21458,291135670.23
21459,78309430.05
21460,91146737.5
21461,96177205.55
21462,113845653.33
21463,120071053.26
21464,192568303.42
21465,104718445.69
21466,147878911.17
21467,55441983.77
21468,95735183.68
21470,119708193.6
21471,84987328.52
21472,150334725.06
21473,71284906.86
21475,58254686.45
21476,96279428.0
21477,77468859.03
21478,99491392.32
21479,54853162.69
21480,116492352.56
21481,114194152.63
21482,62009442.26
21483,65230344.38
21484,131753981.21
21485,63373934.24
21486,60642775.07
21487,53422698.0
21489,53163700.01
21490,70561807.67
21491,60628801.63
21492,69180997.41
21493,77138790.96
21494,73415561.18
21495,234418398.83
21496,168857677.78
21497,65653404.8
21498,104517067.93
21499,164650136.85
21500,87049345.27
21501,66340262.39
21502,57592380.88
21503,181166094.08
21504,62812572.77
21505,132355194.26
21507,168977812.29
21508,63489777.85
21509,61225459.65
21510,119914933.9
21511,56026726.1
21512,74249861.03
21515,103853608.09
21516,39142532.4
21517,75890655.82
21519,106950812.52
21521,140996241.88
21522,58361250.29
21523,71824252.86
21525,72633275.34
21526,180804254.18
21528,97074261.87
21530,123684199.94
21531,107303089.72
21533,82209083.23
21534,36451788.66
21535,54718434.62
21537,179124854.85
21538,57902895.3
21539,48938885.38
21542,68878220.7
21543,45900978.02
21545,78347753.55
21546,56333150.16
21547,75718976.13
21549,73008917.05
21550,166485349.68
21551,152931982.87
21553,176697453.37
21554,132316145.33
21555,179172987.42
21556,227876851.0
21557,73440237.13
21558,90383368.11
21559,81377322.81
21560,50520963.64
21561,91784734.86
21562,109320094.19
21563,107506785.79
21564,169237704.12
21566,89378588.11
21567,64155711.83
21568,81191539.82
21569,120676736.11
21571,88852371.3
21572,200162128.89
21573,102215163.86
21574,72610451.97
21575,66756101.39
21576,49335536.36
21577,82912061.97
21578,101098533.77
21579,78268787.94
21580,61718895.23
21581,72356645.78
21582,77674084.54
21583,158549505.2
21584,81572138.77
21585,49180826.34
21586,247325742.18
21587,79571957.64
21588,97844052.94
21589,109173010.94
21590,91534436.79
21592,135268260.42
21594,65828749.77
21595,84111437.92
21596,60836293.59
21597,102099666.86
21598,57260805.08
21600,72932418.39
21601,37756443.63
21602,63406505.19
21604,92435637.45
21605,123136690.18
21606,85726845.46
21607,79864029.88
21608,104208927.45
21609,99986456.04
21610,88711959.36
21611,98929194.81
21612,176442182.27
21613,129311210.44
21614,61280850.04
21615,54706947.83
21617,33068365.87
21618,177018599.12
21619,175721050.08
21620,159751669.33
21621,48973431.03
21622,76514314.86
21623,64106476.47
21625,55228338.71
21626,91777665.24
21627,73227104.87
21628,138898706.02
21629,116733246.83
21630,54052509.01
21631,133747362.8
21633,105478368.74
21634,86256784.98
21636,43687704.24
21637,73075237.52
21638,97740192.86
21640,61575723.19
21641,90416430.5
21642,116693578.38
21643,93477709.61
21644,71363849.88
21645,53760613.9
21646,138311849.41
21648,201324796.11
21649,81808526.73
21650,61156677.34
21651,78379230.41
21653,80543022.32
21654,334137083.58
21655,59144360.53
21657,90160708.81
21658,55539783.62
21659,69580231.77
21660,160805302.05
21661,101452708.85
21662,60314926.57
21663,76519910.67
21664,97352753.16
21665,42637558.72
21666,64483465.79
21669,59566812.55
21670,96154632.55
21671,59975084.93
21672,26532849.01
21673,42477042.41
21675,31791361.33
21676,98687480.3
21677,89439565.42
21678,233654647.22
21679,388357214.25
21680,71095016.18
21681,72628665.0
21682,202593356.71
21683,179570996.96
21684,157146168.91
21685,115823173.26
21686,78309042.6
21687,51391991.5
21688,48014389.23
21689,68087587.01
21690,186644673.29
21691,45696136.63
21692,86130236.22
21693,73270003.42
21694,61377863.53
21695,40682278.08
21696,67073999.49
21697,106449800.51
21698,106840653.02
21699,78331601.37
21700,139796958.68
21701,220564403.62
21702,145226363.88
21703,217471507.73
21704,170288505.09
21705,47385659.85
21706,170156949.58
21707,75337626.67
21709,70705669.25
21710,187313351.39
21711,80159294.07
21712,146640401.45
21713,119182277.09
21714,92078718.9
21715,65457614.23
21717,217353635.53
21718,251649430.06
21720,308320948.4
21721,191956980.79
21722,152062049.19
21723,53946668.14
21724,50961775.82
21725,96359145.8
21726,97306274.82
21727,155330593.25
21728,46728463.27
21729,188339971.93
21730,64025094.9
21731,171708491.58
21732,63193830.93
21733,131443665.81
21734,102724760.76
21736,120403537.9
21737,88615693.57
21738,70615931.23
21742,89862240.38
21743,52705569.1
21744,46936532.1
21745,224357787.97
